Htno,Subname,sem,Subcode,mid1,onlinemid1,mid2,onlinemid2,Grade,Internals,Credits
20HP1A0501,MATHEMATICS-II,2,R201201,0,0,0,0,6,21,3
20HP1A0501,APPLIED CHEMISTRY,2,R201215,0,0,0,0,0,15,3
20HP1A0501,COMPUTER ORGANIZATION,2,R201216,0,0,0,0,0,14,3
20HP1A0501,DATA STRUCTURES,2,R201218,0,0,0,0,0,16,3
20HP1A0501,PYTHON PROGRAMMING,2,R201225,0,0,0,0,5,16,3
20HP1A0501,ENVIRONMENTAL SCIENCE,2,R201228,0,0,0,0,0,0,3
20HP1A0501,APPLIED CHEMISTRY LABORATORY,2,R201239,0,0,0,0,8,14,1.5
20HP1A0501,DATA STRUCTURES LABORATORY,2,R201241,0,0,0,0,7,12,1.5
20HP1A0501,PYTHON PROGRAMMING LABORATORY,2,R201250,0,0,0,0,9,12,1.5
20HP1A0502,MATHEMATICS-II,2,R201201,0,0,0,0,6,23,3
20HP1A0502,APPLIED CHEMISTRY,2,R201215,0,0,0,0,6,23,3
20HP1A0502,COMPUTER ORGANIZATION,2,R201216,0,0,0,0,5,14,3
20HP1A0502,DATA STRUCTURES,2,R201218,0,0,0,0,5,17,3
20HP1A0502,PYTHON PROGRAMMING,2,R201225,0,0,0,0,6,20,3
20HP1A0502,ENVIRONMENTAL SCIENCE,2,R201228,0,0,0,0,0,0,3
20HP1A0502,APPLIED CHEMISTRY LABORATORY,2,R201239,0,0,0,0,9,14,1.5
20HP1A0502,DATA STRUCTURES LABORATORY,2,R201241,0,0,0,0,10,13,1.5
20HP1A0502,PYTHON PROGRAMMING LABORATORY,2,R201250,0,0,0,0,10,15,1.5
20HP1A0503,MATHEMATICS-II,2,R201201,0,0,0,0,8,27,3
20HP1A0503,APPLIED CHEMISTRY,2,R201215,0,0,0,0,5,25,3
20HP1A0503,COMPUTER ORGANIZATION,2,R201216,0,0,0,0,5,19,3
20HP1A0503,DATA STRUCTURES,2,R201218,0,0,0,0,6,25,3
20HP1A0503,PYTHON PROGRAMMING,2,R201225,0,0,0,0,5,23,3
20HP1A0503,ENVIRONMENTAL SCIENCE,2,R201228,0,0,0,0,0,0,3
20HP1A0503,APPLIED CHEMISTRY LABORATORY,2,R201239,0,0,0,0,10,15,1.5
20HP1A0503,DATA STRUCTURES LABORATORY,2,R201241,0,0,0,0,10,15,1.5
20HP1A0503,PYTHON PROGRAMMING LABORATORY,2,R201250,0,0,0,0,10,15,1.5
20HP1A0504,MATHEMATICS-II,2,R201201,0,0,0,0,8,23,3
20HP1A0504,APPLIED CHEMISTRY,2,R201215,0,0,0,0,7,26,3
20HP1A0504,COMPUTER ORGANIZATION,2,R201216,0,0,0,0,5,22,3
20HP1A0504,DATA STRUCTURES,2,R201218,0,0,0,0,6,22,3
20HP1A0504,PYTHON PROGRAMMING,2,R201225,0,0,0,0,5,23,3
20HP1A0504,ENVIRONMENTAL SCIENCE,2,R201228,0,0,0,0,0,0,3
20HP1A0504,APPLIED CHEMISTRY LABORATORY,2,R201239,0,0,0,0,10,15,1.5
20HP1A0504,DATA STRUCTURES LABORATORY,2,R201241,0,0,0,0,10,15,1.5
20HP1A0504,PYTHON PROGRAMMING LABORATORY,2,R201250,0,0,0,0,10,15,1.5
20HP1A0505,MATHEMATICS-II,2,R201201,0,0,0,0,9,26,3
20HP1A0505,APPLIED CHEMISTRY,2,R201215,0,0,0,0,7,26,3
20HP1A0505,COMPUTER ORGANIZATION,2,R201216,0,0,0,0,5,17,3
20HP1A0505,DATA STRUCTURES,2,R201218,0,0,0,0,6,21,3
20HP1A0505,PYTHON PROGRAMMING,2,R201225,0,0,0,0,6,25,3
20HP1A0505,ENVIRONMENTAL SCIENCE,2,R201228,0,0,0,0,0,0,3
20HP1A0505,APPLIED CHEMISTRY LABORATORY,2,R201239,0,0,0,0,10,15,1.5
20HP1A0505,DATA STRUCTURES LABORATORY,2,R201241,0,0,0,0,10,15,1.5
20HP1A0505,PYTHON PROGRAMMING LABORATORY,2,R201250,0,0,0,0,10,15,1.5
20HP1A0506,MATHEMATICS-II,2,R201201,0,0,0,0,6,24,3
20HP1A0506,APPLIED CHEMISTRY,2,R201215,0,0,0,0,7,23,3
20HP1A0506,COMPUTER ORGANIZATION,2,R201216,0,0,0,0,0,18,3
20HP1A0506,DATA STRUCTURES,2,R201218,0,0,0,0,6,21,3
20HP1A0506,PYTHON PROGRAMMING,2,R201225,0,0,0,0,5,20,3
20HP1A0506,ENVIRONMENTAL SCIENCE,2,R201228,0,0,0,0,0,0,3
20HP1A0506,APPLIED CHEMISTRY LABORATORY,2,R201239,0,0,0,0,10,15,1.5
20HP1A0506,DATA STRUCTURES LABORATORY,2,R201241,0,0,0,0,10,14,1.5
20HP1A0506,PYTHON PROGRAMMING LABORATORY,2,R201250,0,0,0,0,10,14,1.5
20HP1A0507,MATHEMATICS-II,2,R201201,0,0,0,0,6,22,3
20HP1A0507,APPLIED CHEMISTRY,2,R201215,0,0,0,0,5,19,3
20HP1A0507,COMPUTER ORGANIZATION,2,R201216,0,0,0,0,0,17,3
20HP1A0507,DATA STRUCTURES,2,R201218,0,0,0,0,5,17,3
20HP1A0507,PYTHON PROGRAMMING,2,R201225,0,0,0,0,6,19,3
20HP1A0507,ENVIRONMENTAL SCIENCE,2,R201228,0,0,0,0,0,0,3
20HP1A0507,APPLIED CHEMISTRY LABORATORY,2,R201239,0,0,0,0,8,14,1.5
20HP1A0507,DATA STRUCTURES LABORATORY,2,R201241,0,0,0,0,10,13,1.5
20HP1A0507,PYTHON PROGRAMMING LABORATORY,2,R201250,0,0,0,0,10,13,1.5
20HP1A0508,MATHEMATICS-II,2,R201201,0,0,0,0,9,28,3
20HP1A0508,APPLIED CHEMISTRY,2,R201215,0,0,0,0,7,25,3
20HP1A0508,COMPUTER ORGANIZATION,2,R201216,0,0,0,0,6,20,3
20HP1A0508,DATA STRUCTURES,2,R201218,0,0,0,0,5,22,3
20HP1A0508,PYTHON PROGRAMMING,2,R201225,0,0,0,0,6,25,3
20HP1A0508,ENVIRONMENTAL SCIENCE,2,R201228,0,0,0,0,0,0,3
20HP1A0508,APPLIED CHEMISTRY LABORATORY,2,R201239,0,0,0,0,10,15,1.5
20HP1A0508,DATA STRUCTURES LABORATORY,2,R201241,0,0,0,0,10,15,1.5
20HP1A0508,PYTHON PROGRAMMING LABORATORY,2,R201250,0,0,0,0,10,15,1.5
20HP1A0509,MATHEMATICS-II,2,R201201,0,0,0,0,8,26,3
20HP1A0509,APPLIED CHEMISTRY,2,R201215,0,0,0,0,8,25,3
20HP1A0509,COMPUTER ORGANIZATION,2,R201216,0,0,0,0,6,19,3
20HP1A0509,DATA STRUCTURES,2,R201218,0,0,0,0,6,21,3
20HP1A0509,PYTHON PROGRAMMING,2,R201225,0,0,0,0,6,22,3
20HP1A0509,ENVIRONMENTAL SCIENCE,2,R201228,0,0,0,0,0,0,3
20HP1A0509,APPLIED CHEMISTRY LABORATORY,2,R201239,0,0,0,0,10,14,1.5
20HP1A0509,DATA STRUCTURES LABORATORY,2,R201241,0,0,0,0,10,15,1.5
20HP1A0509,PYTHON PROGRAMMING LABORATORY,2,R201250,0,0,0,0,10,15,1.5
20HP1A0510,MATHEMATICS-II,2,R201201,0,0,0,0,9,28,3
20HP1A0510,APPLIED CHEMISTRY,2,R201215,0,0,0,0,6,22,3
20HP1A0510,COMPUTER ORGANIZATION,2,R201216,0,0,0,0,6,21,3
20HP1A0510,DATA STRUCTURES,2,R201218,0,0,0,0,7,24,3
20HP1A0510,PYTHON PROGRAMMING,2,R201225,0,0,0,0,5,23,3
20HP1A0510,ENVIRONMENTAL SCIENCE,2,R201228,0,0,0,0,0,0,3
20HP1A0510,APPLIED CHEMISTRY LABORATORY,2,R201239,0,0,0,0,10,15,1.5
20HP1A0510,DATA STRUCTURES LABORATORY,2,R201241,0,0,0,0,10,15,1.5
20HP1A0510,PYTHON PROGRAMMING LABORATORY,2,R201250,0,0,0,0,10,15,1.5
20HP1A0511,MATHEMATICS-II,2,R201201,0,0,0,0,9,22,3
20HP1A0511,APPLIED CHEMISTRY,2,R201215,0,0,0,0,6,21,3
20HP1A0511,COMPUTER ORGANIZATION,2,R201216,0,0,0,0,5,17,3
20HP1A0511,DATA STRUCTURES,2,R201218,0,0,0,0,6,18,3
20HP1A0511,PYTHON PROGRAMMING,2,R201225,0,0,0,0,5,20,3
20HP1A0511,ENVIRONMENTAL SCIENCE,2,R201228,0,0,0,0,0,0,3
20HP1A0511,APPLIED CHEMISTRY LABORATORY,2,R201239,0,0,0,0,10,14,1.5
20HP1A0511,DATA STRUCTURES LABORATORY,2,R201241,0,0,0,0,10,13,1.5
20HP1A0511,PYTHON PROGRAMMING LABORATORY,2,R201250,0,0,0,0,10,13,1.5
20HP1A0512,MATHEMATICS-II,2,R201201,0,0,0,0,9,27,3
20HP1A0512,APPLIED CHEMISTRY,2,R201215,0,0,0,0,7,26,3
20HP1A0512,COMPUTER ORGANIZATION,2,R201216,0,0,0,0,6,20,3
20HP1A0512,DATA STRUCTURES,2,R201218,0,0,0,0,6,23,3
20HP1A0512,PYTHON PROGRAMMING,2,R201225,0,0,0,0,6,27,3
20HP1A0512,ENVIRONMENTAL SCIENCE,2,R201228,0,0,0,0,0,0,3
20HP1A0512,APPLIED CHEMISTRY LABORATORY,2,R201239,0,0,0,0,10,15,1.5
20HP1A0512,DATA STRUCTURES LABORATORY,2,R201241,0,0,0,0,10,15,1.5
20HP1A0512,PYTHON PROGRAMMING LABORATORY,2,R201250,0,0,0,0,10,15,1.5
20HP1A0513,MATHEMATICS-II,2,R201201,0,0,0,0,5,18,3
20HP1A0513,APPLIED CHEMISTRY,2,R201215,0,0,0,0,0,16,3
20HP1A0513,COMPUTER ORGANIZATION,2,R201216,0,0,0,0,0,15,3
20HP1A0513,DATA STRUCTURES,2,R201218,0,0,0,0,0,12,3
20HP1A0513,PYTHON PROGRAMMING,2,R201225,0,0,0,0,0,14,3
20HP1A0513,ENVIRONMENTAL SCIENCE,2,R201228,0,0,0,0,0,0,3
20HP1A0513,APPLIED CHEMISTRY LABORATORY,2,R201239,0,0,0,0,9,11,1.5
20HP1A0513,DATA STRUCTURES LABORATORY,2,R201241,0,0,0,0,9,12,1.5
20HP1A0513,PYTHON PROGRAMMING LABORATORY,2,R201250,0,0,0,0,9,12,1.5
20HP1A0514,MATHEMATICS-II,2,R201201,0,0,0,0,8,25,3
20HP1A0514,APPLIED CHEMISTRY,2,R201215,0,0,0,0,8,24,3
20HP1A0514,COMPUTER ORGANIZATION,2,R201216,0,0,0,0,5,19,3
20HP1A0514,DATA STRUCTURES,2,R201218,0,0,0,0,6,24,3
20HP1A0514,PYTHON PROGRAMMING,2,R201225,0,0,0,0,6,27,3
20HP1A0514,ENVIRONMENTAL SCIENCE,2,R201228,0,0,0,0,0,0,3
20HP1A0514,APPLIED CHEMISTRY LABORATORY,2,R201239,0,0,0,0,10,14,1.5
20HP1A0514,DATA STRUCTURES LABORATORY,2,R201241,0,0,0,0,10,15,1.5
20HP1A0514,PYTHON PROGRAMMING LABORATORY,2,R201250,0,0,0,0,10,15,1.5
20HP1A0515,MATHEMATICS-II,2,R201201,0,0,0,0,9,26,3
20HP1A0515,APPLIED CHEMISTRY,2,R201215,0,0,0,0,8,26,3
20HP1A0515,COMPUTER ORGANIZATION,2,R201216,0,0,0,0,6,22,3
20HP1A0515,DATA STRUCTURES,2,R201218,0,0,0,0,6,24,3
20HP1A0515,PYTHON PROGRAMMING,2,R201225,0,0,0,0,7,24,3
20HP1A0515,ENVIRONMENTAL SCIENCE,2,R201228,0,0,0,0,0,0,3
20HP1A0515,APPLIED CHEMISTRY LABORATORY,2,R201239,0,0,0,0,10,14,1.5
20HP1A0515,DATA STRUCTURES LABORATORY,2,R201241,0,0,0,0,10,15,1.5
20HP1A0515,PYTHON PROGRAMMING LABORATORY,2,R201250,0,0,0,0,10,15,1.5
20HP1A0516,MATHEMATICS-II,2,R201201,0,0,0,0,0,19,3
20HP1A0516,APPLIED CHEMISTRY,2,R201215,0,0,0,0,5,17,3
20HP1A0516,COMPUTER ORGANIZATION,2,R201216,0,0,0,0,0,10,3
20HP1A0516,DATA STRUCTURES,2,R201218,0,0,0,0,5,16,3
20HP1A0516,PYTHON PROGRAMMING,2,R201225,0,0,0,0,5,15,3
20HP1A0516,ENVIRONMENTAL SCIENCE,2,R201228,0,0,0,0,0,0,3
20HP1A0516,APPLIED CHEMISTRY LABORATORY,2,R201239,0,0,0,0,9,12,1.5
20HP1A0516,DATA STRUCTURES LABORATORY,2,R201241,0,0,0,0,8,12,1.5
20HP1A0516,PYTHON PROGRAMMING LABORATORY,2,R201250,0,0,0,0,10,14,1.5
20HP1A0517,MATHEMATICS-II,2,R201201,0,0,0,0,8,27,3
20HP1A0517,APPLIED CHEMISTRY,2,R201215,0,0,0,0,6,24,3
20HP1A0517,COMPUTER ORGANIZATION,2,R201216,0,0,0,0,5,20,3
20HP1A0517,DATA STRUCTURES,2,R201218,0,0,0,0,6,25,3
20HP1A0517,PYTHON PROGRAMMING,2,R201225,0,0,0,0,7,23,3
20HP1A0517,ENVIRONMENTAL SCIENCE,2,R201228,0,0,0,0,0,0,3
20HP1A0517,APPLIED CHEMISTRY LABORATORY,2,R201239,0,0,0,0,10,15,1.5
20HP1A0517,DATA STRUCTURES LABORATORY,2,R201241,0,0,0,0,10,14,1.5
20HP1A0517,PYTHON PROGRAMMING LABORATORY,2,R201250,0,0,0,0,10,14,1.5
20HP1A0518,MATHEMATICS-II,2,R201201,0,0,0,0,8,24,3
20HP1A0518,APPLIED CHEMISTRY,2,R201215,0,0,0,0,6,26,3
20HP1A0518,COMPUTER ORGANIZATION,2,R201216,0,0,0,0,0,17,3
20HP1A0518,DATA STRUCTURES,2,R201218,0,0,0,0,6,20,3
20HP1A0518,PYTHON PROGRAMMING,2,R201225,0,0,0,0,6,22,3
20HP1A0518,ENVIRONMENTAL SCIENCE,2,R201228,0,0,0,0,0,0,3
20HP1A0518,APPLIED CHEMISTRY LABORATORY,2,R201239,0,0,0,0,10,15,1.5
20HP1A0518,DATA STRUCTURES LABORATORY,2,R201241,0,0,0,0,10,14,1.5
20HP1A0518,PYTHON PROGRAMMING LABORATORY,2,R201250,0,0,0,0,10,14,1.5
20HP1A0519,MATHEMATICS-II,2,R201201,0,0,0,0,8,27,3
20HP1A0519,APPLIED CHEMISTRY,2,R201215,0,0,0,0,7,23,3
20HP1A0519,COMPUTER ORGANIZATION,2,R201216,0,0,0,0,6,20,3
20HP1A0519,DATA STRUCTURES,2,R201218,0,0,0,0,6,24,3
20HP1A0519,PYTHON PROGRAMMING,2,R201225,0,0,0,0,7,26,3
20HP1A0519,ENVIRONMENTAL SCIENCE,2,R201228,0,0,0,0,0,0,3
20HP1A0519,APPLIED CHEMISTRY LABORATORY,2,R201239,0,0,0,0,10,14,1.5
20HP1A0519,DATA STRUCTURES LABORATORY,2,R201241,0,0,0,0,10,15,1.5
20HP1A0519,PYTHON PROGRAMMING LABORATORY,2,R201250,0,0,0,0,10,15,1.5
20HP1A0520,MATHEMATICS-II,2,R201201,0,0,0,0,8,25,3
20HP1A0520,APPLIED CHEMISTRY,2,R201215,0,0,0,0,6,23,3
20HP1A0520,COMPUTER ORGANIZATION,2,R201216,0,0,0,0,6,21,3
20HP1A0520,DATA STRUCTURES,2,R201218,0,0,0,0,6,19,3
20HP1A0520,PYTHON PROGRAMMING,2,R201225,0,0,0,0,6,23,3
20HP1A0520,ENVIRONMENTAL SCIENCE,2,R201228,0,0,0,0,0,0,3
20HP1A0520,APPLIED CHEMISTRY LABORATORY,2,R201239,0,0,0,0,10,15,1.5
20HP1A0520,DATA STRUCTURES LABORATORY,2,R201241,0,0,0,0,10,14,1.5
20HP1A0520,PYTHON PROGRAMMING LABORATORY,2,R201250,0,0,0,0,10,14,1.5
20HP1A0521,MATHEMATICS-II,2,R201201,0,0,0,0,7,27,3
20HP1A0521,APPLIED CHEMISTRY,2,R201215,0,0,0,0,6,23,3
20HP1A0521,COMPUTER ORGANIZATION,2,R201216,0,0,0,0,6,20,3
20HP1A0521,DATA STRUCTURES,2,R201218,0,0,0,0,7,22,3
20HP1A0521,PYTHON PROGRAMMING,2,R201225,0,0,0,0,7,26,3
20HP1A0521,ENVIRONMENTAL SCIENCE,2,R201228,0,0,0,0,0,0,3
20HP1A0521,APPLIED CHEMISTRY LABORATORY,2,R201239,0,0,0,0,10,14,1.5
20HP1A0521,DATA STRUCTURES LABORATORY,2,R201241,0,0,0,0,10,14,1.5
20HP1A0521,PYTHON PROGRAMMING LABORATORY,2,R201250,0,0,0,0,10,14,1.5
20HP1A0522,MATHEMATICS-II,2,R201201,0,0,0,0,6,23,3
20HP1A0522,APPLIED CHEMISTRY,2,R201215,0,0,0,0,7,24,3
20HP1A0522,COMPUTER ORGANIZATION,2,R201216,0,0,0,0,6,20,3
20HP1A0522,DATA STRUCTURES,2,R201218,0,0,0,0,0,21,3
20HP1A0522,PYTHON PROGRAMMING,2,R201225,0,0,0,0,5,22,3
20HP1A0522,ENVIRONMENTAL SCIENCE,2,R201228,0,0,0,0,0,0,3
20HP1A0522,APPLIED CHEMISTRY LABORATORY,2,R201239,0,0,0,0,10,15,1.5
20HP1A0522,DATA STRUCTURES LABORATORY,2,R201241,0,0,0,0,10,14,1.5
20HP1A0522,PYTHON PROGRAMMING LABORATORY,2,R201250,0,0,0,0,10,14,1.5
20HP1A0523,MATHEMATICS-II,2,R201201,0,0,0,0,6,23,3
20HP1A0523,APPLIED CHEMISTRY,2,R201215,0,0,0,0,5,18,3
20HP1A0523,COMPUTER ORGANIZATION,2,R201216,0,0,0,0,0,18,3
20HP1A0523,DATA STRUCTURES,2,R201218,0,0,0,0,0,19,3
20HP1A0523,PYTHON PROGRAMMING,2,R201225,0,0,0,0,5,22,3
20HP1A0523,ENVIRONMENTAL SCIENCE,2,R201228,0,0,0,0,0,0,3
20HP1A0523,APPLIED CHEMISTRY LABORATORY,2,R201239,0,0,0,0,9,13,1.5
20HP1A0523,DATA STRUCTURES LABORATORY,2,R201241,0,0,0,0,10,14,1.5
20HP1A0523,PYTHON PROGRAMMING LABORATORY,2,R201250,0,0,0,0,10,14,1.5
20HP1A0524,MATHEMATICS-II,2,R201201,0,0,0,0,7,25,3
20HP1A0524,APPLIED CHEMISTRY,2,R201215,0,0,0,0,5,19,3
20HP1A0524,COMPUTER ORGANIZATION,2,R201216,0,0,0,0,0,19,3
20HP1A0524,DATA STRUCTURES,2,R201218,0,0,0,0,0,22,3
20HP1A0524,PYTHON PROGRAMMING,2,R201225,0,0,0,0,5,24,3
20HP1A0524,ENVIRONMENTAL SCIENCE,2,R201228,0,0,0,0,0,0,3
20HP1A0524,APPLIED CHEMISTRY LABORATORY,2,R201239,0,0,0,0,9,12,1.5
20HP1A0524,DATA STRUCTURES LABORATORY,2,R201241,0,0,0,0,10,14,1.5
20HP1A0524,PYTHON PROGRAMMING LABORATORY,2,R201250,0,0,0,0,10,14,1.5
20HP1A0525,MATHEMATICS-II,2,R201201,0,0,0,0,7,24,3
20HP1A0525,APPLIED CHEMISTRY,2,R201215,0,0,0,0,5,18,3
20HP1A0525,COMPUTER ORGANIZATION,2,R201216,0,0,0,0,0,18,3
20HP1A0525,DATA STRUCTURES,2,R201218,0,0,0,0,5,18,3
20HP1A0525,PYTHON PROGRAMMING,2,R201225,0,0,0,0,5,16,3
20HP1A0525,ENVIRONMENTAL SCIENCE,2,R201228,0,0,0,0,0,0,3
20HP1A0525,APPLIED CHEMISTRY LABORATORY,2,R201239,0,0,0,0,9,14,1.5
20HP1A0525,DATA STRUCTURES LABORATORY,2,R201241,0,0,0,0,9,13,1.5
20HP1A0525,PYTHON PROGRAMMING LABORATORY,2,R201250,0,0,0,0,9,13,1.5
20HP1A0526,MATHEMATICS-II,2,R201201,0,0,0,0,0,25,3
20HP1A0526,APPLIED CHEMISTRY,2,R201215,0,0,0,0,6,23,3
20HP1A0526,COMPUTER ORGANIZATION,2,R201216,0,0,0,0,0,22,3
20HP1A0526,DATA STRUCTURES,2,R201218,0,0,0,0,0,20,3
20HP1A0526,PYTHON PROGRAMMING,2,R201225,0,0,0,0,5,23,3
20HP1A0526,ENVIRONMENTAL SCIENCE,2,R201228,0,0,0,0,0,0,3
20HP1A0526,APPLIED CHEMISTRY LABORATORY,2,R201239,0,0,0,0,9,11,1.5
20HP1A0526,DATA STRUCTURES LABORATORY,2,R201241,0,0,0,0,10,14,1.5
20HP1A0526,PYTHON PROGRAMMING LABORATORY,2,R201250,0,0,0,0,10,14,1.5
20HP1A0527,MATHEMATICS-II,2,R201201,0,0,0,0,6,22,3
20HP1A0527,APPLIED CHEMISTRY,2,R201215,0,0,0,0,6,22,3
20HP1A0527,COMPUTER ORGANIZATION,2,R201216,0,0,0,0,5,18,3
20HP1A0527,DATA STRUCTURES,2,R201218,0,0,0,0,5,17,3
20HP1A0527,PYTHON PROGRAMMING,2,R201225,0,0,0,0,5,21,3
20HP1A0527,ENVIRONMENTAL SCIENCE,2,R201228,0,0,0,0,0,0,3
20HP1A0527,APPLIED CHEMISTRY LABORATORY,2,R201239,0,0,0,0,10,14,1.5
20HP1A0527,DATA STRUCTURES LABORATORY,2,R201241,0,0,0,0,10,14,1.5
20HP1A0527,PYTHON PROGRAMMING LABORATORY,2,R201250,0,0,0,0,10,14,1.5
20HP1A0528,MATHEMATICS-II,2,R201201,0,0,0,0,7,25,3
20HP1A0528,APPLIED CHEMISTRY,2,R201215,0,0,0,0,6,24,3
20HP1A0528,COMPUTER ORGANIZATION,2,R201216,0,0,0,0,6,22,3
20HP1A0528,DATA STRUCTURES,2,R201218,0,0,0,0,0,22,3
20HP1A0528,PYTHON PROGRAMMING,2,R201225,0,0,0,0,7,28,3
20HP1A0528,ENVIRONMENTAL SCIENCE,2,R201228,0,0,0,0,0,0,3
20HP1A0528,APPLIED CHEMISTRY LABORATORY,2,R201239,0,0,0,0,10,15,1.5
20HP1A0528,DATA STRUCTURES LABORATORY,2,R201241,0,0,0,0,10,15,1.5
20HP1A0528,PYTHON PROGRAMMING LABORATORY,2,R201250,0,0,0,0,10,15,1.5
20HP1A0529,MATHEMATICS-II,2,R201201,0,0,0,0,7,26,3
20HP1A0529,APPLIED CHEMISTRY,2,R201215,0,0,0,0,9,24,3
20HP1A0529,COMPUTER ORGANIZATION,2,R201216,0,0,0,0,6,25,3
20HP1A0529,DATA STRUCTURES,2,R201218,0,0,0,0,6,22,3
20HP1A0529,PYTHON PROGRAMMING,2,R201225,0,0,0,0,6,27,3
20HP1A0529,ENVIRONMENTAL SCIENCE,2,R201228,0,0,0,0,0,0,3
20HP1A0529,APPLIED CHEMISTRY LABORATORY,2,R201239,0,0,0,0,10,14,1.5
20HP1A0529,DATA STRUCTURES LABORATORY,2,R201241,0,0,0,0,10,15,1.5
20HP1A0529,PYTHON PROGRAMMING LABORATORY,2,R201250,0,0,0,0,10,15,1.5
20HP1A0530,MATHEMATICS-II,2,R201201,0,0,0,0,0,25,3
20HP1A0530,APPLIED CHEMISTRY,2,R201215,0,0,0,0,7,25,3
20HP1A0530,COMPUTER ORGANIZATION,2,R201216,0,0,0,0,6,19,3
20HP1A0530,DATA STRUCTURES,2,R201218,0,0,0,0,6,18,3
20HP1A0530,PYTHON PROGRAMMING,2,R201225,0,0,0,0,6,25,3
20HP1A0530,ENVIRONMENTAL SCIENCE,2,R201228,0,0,0,0,0,0,3
20HP1A0530,APPLIED CHEMISTRY LABORATORY,2,R201239,0,0,0,0,10,15,1.5
20HP1A0530,DATA STRUCTURES LABORATORY,2,R201241,0,0,0,0,10,15,1.5
20HP1A0530,PYTHON PROGRAMMING LABORATORY,2,R201250,0,0,0,0,10,15,1.5
20HP1A0531,MATHEMATICS-II,2,R201201,0,0,0,0,8,27,3
20HP1A0531,APPLIED CHEMISTRY,2,R201215,0,0,0,0,8,21,3
20HP1A0531,COMPUTER ORGANIZATION,2,R201216,0,0,0,0,5,19,3
20HP1A0531,DATA STRUCTURES,2,R201218,0,0,0,0,6,22,3
20HP1A0531,PYTHON PROGRAMMING,2,R201225,0,0,0,0,6,26,3
20HP1A0531,ENVIRONMENTAL SCIENCE,2,R201228,0,0,0,0,0,0,3
20HP1A0531,APPLIED CHEMISTRY LABORATORY,2,R201239,0,0,0,0,9,14,1.5
20HP1A0531,DATA STRUCTURES LABORATORY,2,R201241,0,0,0,0,10,15,1.5
20HP1A0531,PYTHON PROGRAMMING LABORATORY,2,R201250,0,0,0,0,10,15,1.5
20HP1A0532,MATHEMATICS-II,2,R201201,0,0,0,0,8,27,3
20HP1A0532,APPLIED CHEMISTRY,2,R201215,0,0,0,0,6,24,3
20HP1A0532,COMPUTER ORGANIZATION,2,R201216,0,0,0,0,6,23,3
20HP1A0532,DATA STRUCTURES,2,R201218,0,0,0,0,6,23,3
20HP1A0532,PYTHON PROGRAMMING,2,R201225,0,0,0,0,6,26,3
20HP1A0532,ENVIRONMENTAL SCIENCE,2,R201228,0,0,0,0,0,0,3
20HP1A0532,APPLIED CHEMISTRY LABORATORY,2,R201239,0,0,0,0,10,15,1.5
20HP1A0532,DATA STRUCTURES LABORATORY,2,R201241,0,0,0,0,10,15,1.5
20HP1A0532,PYTHON PROGRAMMING LABORATORY,2,R201250,0,0,0,0,10,15,1.5
20HP1A0533,MATHEMATICS-II,2,R201201,0,0,0,0,7,28,3
20HP1A0533,APPLIED CHEMISTRY,2,R201215,0,0,0,0,8,26,3
20HP1A0533,COMPUTER ORGANIZATION,2,R201216,0,0,0,0,6,24,3
20HP1A0533,DATA STRUCTURES,2,R201218,0,0,0,0,7,25,3
20HP1A0533,PYTHON PROGRAMMING,2,R201225,0,0,0,0,6,28,3
20HP1A0533,ENVIRONMENTAL SCIENCE,2,R201228,0,0,0,0,0,0,3
20HP1A0533,APPLIED CHEMISTRY LABORATORY,2,R201239,0,0,0,0,10,15,1.5
20HP1A0533,DATA STRUCTURES LABORATORY,2,R201241,0,0,0,0,10,15,1.5
20HP1A0533,PYTHON PROGRAMMING LABORATORY,2,R201250,0,0,0,0,10,15,1.5
20HP1A0534,MATHEMATICS-II,2,R201201,0,0,0,0,7,27,3
20HP1A0534,APPLIED CHEMISTRY,2,R201215,0,0,0,0,8,27,3
20HP1A0534,COMPUTER ORGANIZATION,2,R201216,0,0,0,0,6,21,3
20HP1A0534,DATA STRUCTURES,2,R201218,0,0,0,0,7,24,3
20HP1A0534,PYTHON PROGRAMMING,2,R201225,0,0,0,0,6,26,3
20HP1A0534,ENVIRONMENTAL SCIENCE,2,R201228,0,0,0,0,0,0,3
20HP1A0534,APPLIED CHEMISTRY LABORATORY,2,R201239,0,0,0,0,10,15,1.5
20HP1A0534,DATA STRUCTURES LABORATORY,2,R201241,0,0,0,0,10,15,1.5
20HP1A0534,PYTHON PROGRAMMING LABORATORY,2,R201250,0,0,0,0,10,15,1.5
20HP1A0535,MATHEMATICS-II,2,R201201,0,0,0,0,7,27,3
20HP1A0535,APPLIED CHEMISTRY,2,R201215,0,0,0,0,6,24,3
20HP1A0535,COMPUTER ORGANIZATION,2,R201216,0,0,0,0,5,16,3
20HP1A0535,DATA STRUCTURES,2,R201218,0,0,0,0,6,20,3
20HP1A0535,PYTHON PROGRAMMING,2,R201225,0,0,0,0,6,26,3
20HP1A0535,ENVIRONMENTAL SCIENCE,2,R201228,0,0,0,0,0,0,3
20HP1A0535,APPLIED CHEMISTRY LABORATORY,2,R201239,0,0,0,0,9,12,1.5
20HP1A0535,DATA STRUCTURES LABORATORY,2,R201241,0,0,0,0,9,14,1.5
20HP1A0535,PYTHON PROGRAMMING LABORATORY,2,R201250,0,0,0,0,10,14,1.5
20HP1A0536,MATHEMATICS-II,2,R201201,0,0,0,0,7,23,3
20HP1A0536,APPLIED CHEMISTRY,2,R201215,0,0,0,0,8,25,3
20HP1A0536,COMPUTER ORGANIZATION,2,R201216,0,0,0,0,5,17,3
20HP1A0536,DATA STRUCTURES,2,R201218,0,0,0,0,6,24,3
20HP1A0536,PYTHON PROGRAMMING,2,R201225,0,0,0,0,6,24,3
20HP1A0536,ENVIRONMENTAL SCIENCE,2,R201228,0,0,0,0,0,0,3
20HP1A0536,APPLIED CHEMISTRY LABORATORY,2,R201239,0,0,0,0,9,14,1.5
20HP1A0536,DATA STRUCTURES LABORATORY,2,R201241,0,0,0,0,10,15,1.5
20HP1A0536,PYTHON PROGRAMMING LABORATORY,2,R201250,0,0,0,0,10,15,1.5
20HP1A0537,MATHEMATICS-II,2,R201201,0,0,0,0,0,20,3
20HP1A0537,APPLIED CHEMISTRY,2,R201215,0,0,0,0,5,16,3
20HP1A0537,COMPUTER ORGANIZATION,2,R201216,0,0,0,0,0,13,3
20HP1A0537,DATA STRUCTURES,2,R201218,0,0,0,0,0,14,3
20HP1A0537,PYTHON PROGRAMMING,2,R201225,0,0,0,0,5,13,3
20HP1A0537,ENVIRONMENTAL SCIENCE,2,R201228,0,0,0,0,0,0,3
20HP1A0537,APPLIED CHEMISTRY LABORATORY,2,R201239,0,0,0,0,8,10,1.5
20HP1A0537,DATA STRUCTURES LABORATORY,2,R201241,0,0,0,0,8,11,1.5
20HP1A0537,PYTHON PROGRAMMING LABORATORY,2,R201250,0,0,0,0,8,11,1.5
20HP1A0538,MATHEMATICS-II,2,R201201,0,0,0,0,7,23,3
20HP1A0538,APPLIED CHEMISTRY,2,R201215,0,0,0,0,8,25,3
20HP1A0538,COMPUTER ORGANIZATION,2,R201216,0,0,0,0,5,17,3
20HP1A0538,DATA STRUCTURES,2,R201218,0,0,0,0,6,22,3
20HP1A0538,PYTHON PROGRAMMING,2,R201225,0,0,0,0,6,22,3
20HP1A0538,ENVIRONMENTAL SCIENCE,2,R201228,0,0,0,0,0,0,3
20HP1A0538,APPLIED CHEMISTRY LABORATORY,2,R201239,0,0,0,0,9,13,1.5
20HP1A0538,DATA STRUCTURES LABORATORY,2,R201241,0,0,0,0,9,13,1.5
20HP1A0538,PYTHON PROGRAMMING LABORATORY,2,R201250,0,0,0,0,10,13,1.5
20HP1A0539,MATHEMATICS-II,2,R201201,0,0,0,0,6,23,3
20HP1A0539,APPLIED CHEMISTRY,2,R201215,0,0,0,0,7,23,3
20HP1A0539,COMPUTER ORGANIZATION,2,R201216,0,0,0,0,0,17,3
20HP1A0539,DATA STRUCTURES,2,R201218,0,0,0,0,5,22,3
20HP1A0539,PYTHON PROGRAMMING,2,R201225,0,0,0,0,5,20,3
20HP1A0539,ENVIRONMENTAL SCIENCE,2,R201228,0,0,0,0,0,0,3
20HP1A0539,APPLIED CHEMISTRY LABORATORY,2,R201239,0,0,0,0,8,15,1.5
20HP1A0539,DATA STRUCTURES LABORATORY,2,R201241,0,0,0,0,9,13,1.5
20HP1A0539,PYTHON PROGRAMMING LABORATORY,2,R201250,0,0,0,0,10,13,1.5
20HP1A0540,MATHEMATICS-II,2,R201201,0,0,0,0,6,24,3
20HP1A0540,APPLIED CHEMISTRY,2,R201215,0,0,0,0,8,24,3
20HP1A0540,COMPUTER ORGANIZATION,2,R201216,0,0,0,0,0,16,3
20HP1A0540,DATA STRUCTURES,2,R201218,0,0,0,0,5,20,3
20HP1A0540,PYTHON PROGRAMMING,2,R201225,0,0,0,0,6,23,3
20HP1A0540,ENVIRONMENTAL SCIENCE,2,R201228,0,0,0,0,0,0,3
20HP1A0540,APPLIED CHEMISTRY LABORATORY,2,R201239,0,0,0,0,10,15,1.5
20HP1A0540,DATA STRUCTURES LABORATORY,2,R201241,0,0,0,0,10,15,1.5
20HP1A0540,PYTHON PROGRAMMING LABORATORY,2,R201250,0,0,0,0,10,15,1.5
20HP1A0541,MATHEMATICS-II,2,R201201,0,0,0,0,7,25,3
20HP1A0541,APPLIED CHEMISTRY,2,R201215,0,0,0,0,7,24,3
20HP1A0541,COMPUTER ORGANIZATION,2,R201216,0,0,0,0,5,17,3
20HP1A0541,DATA STRUCTURES,2,R201218,0,0,0,0,5,20,3
20HP1A0541,PYTHON PROGRAMMING,2,R201225,0,0,0,0,5,16,3
20HP1A0541,ENVIRONMENTAL SCIENCE,2,R201228,0,0,0,0,0,0,3
20HP1A0541,APPLIED CHEMISTRY LABORATORY,2,R201239,0,0,0,0,10,12,1.5
20HP1A0541,DATA STRUCTURES LABORATORY,2,R201241,0,0,0,0,9,13,1.5
20HP1A0541,PYTHON PROGRAMMING LABORATORY,2,R201250,0,0,0,0,10,13,1.5
20HP1A0542,MATHEMATICS-II,2,R201201,0,0,0,0,7,23,3
20HP1A0542,APPLIED CHEMISTRY,2,R201215,0,0,0,0,5,22,3
20HP1A0542,COMPUTER ORGANIZATION,2,R201216,0,0,0,0,5,20,3
20HP1A0542,DATA STRUCTURES,2,R201218,0,0,0,0,5,19,3
20HP1A0542,PYTHON PROGRAMMING,2,R201225,0,0,0,0,5,14,3
20HP1A0542,ENVIRONMENTAL SCIENCE,2,R201228,0,0,0,0,0,0,3
20HP1A0542,APPLIED CHEMISTRY LABORATORY,2,R201239,0,0,0,0,10,13,1.5
20HP1A0542,DATA STRUCTURES LABORATORY,2,R201241,0,0,0,0,9,13,1.5
20HP1A0542,PYTHON PROGRAMMING LABORATORY,2,R201250,0,0,0,0,10,13,1.5
20HP1A0544,MATHEMATICS-II,2,R201201,0,0,0,0,7,21,3
20HP1A0544,APPLIED CHEMISTRY,2,R201215,0,0,0,0,7,22,3
20HP1A0544,COMPUTER ORGANIZATION,2,R201216,0,0,0,0,0,16,3
20HP1A0544,DATA STRUCTURES,2,R201218,0,0,0,0,6,18,3
20HP1A0544,PYTHON PROGRAMMING,2,R201225,0,0,0,0,5,16,3
20HP1A0544,ENVIRONMENTAL SCIENCE,2,R201228,0,0,0,0,0,0,3
20HP1A0544,APPLIED CHEMISTRY LABORATORY,2,R201239,0,0,0,0,10,13,1.5
20HP1A0544,DATA STRUCTURES LABORATORY,2,R201241,0,0,0,0,9,13,1.5
20HP1A0544,PYTHON PROGRAMMING LABORATORY,2,R201250,0,0,0,0,9,13,1.5
20HP1A0545,MATHEMATICS-II,2,R201201,0,0,0,0,6,22,3
20HP1A0545,APPLIED CHEMISTRY,2,R201215,0,0,0,0,5,20,3
20HP1A0545,COMPUTER ORGANIZATION,2,R201216,0,0,0,0,5,16,3
20HP1A0545,DATA STRUCTURES,2,R201218,0,0,0,0,5,17,3
20HP1A0545,PYTHON PROGRAMMING,2,R201225,0,0,0,0,5,15,3
20HP1A0545,ENVIRONMENTAL SCIENCE,2,R201228,0,0,0,0,0,0,3
20HP1A0545,APPLIED CHEMISTRY LABORATORY,2,R201239,0,0,0,0,8,9,1.5
20HP1A0545,DATA STRUCTURES LABORATORY,2,R201241,0,0,0,0,9,12,1.5
20HP1A0545,PYTHON PROGRAMMING LABORATORY,2,R201250,0,0,0,0,9,12,1.5
20HP1A0546,MATHEMATICS-II,2,R201201,0,0,0,0,6,20,3
20HP1A0546,APPLIED CHEMISTRY,2,R201215,0,0,0,0,5,21,3
20HP1A0546,COMPUTER ORGANIZATION,2,R201216,0,0,0,0,0,13,3
20HP1A0546,DATA STRUCTURES,2,R201218,0,0,0,0,6,15,3
20HP1A0546,PYTHON PROGRAMMING,2,R201225,0,0,0,0,5,22,3
20HP1A0546,ENVIRONMENTAL SCIENCE,2,R201228,0,0,0,0,0,0,3
20HP1A0546,APPLIED CHEMISTRY LABORATORY,2,R201239,0,0,0,0,9,11,1.5
20HP1A0546,DATA STRUCTURES LABORATORY,2,R201241,0,0,0,0,10,14,1.5
20HP1A0546,PYTHON PROGRAMMING LABORATORY,2,R201250,0,0,0,0,10,14,1.5
20HP1A0547,MATHEMATICS-II,2,R201201,0,0,0,0,7,25,3
20HP1A0547,APPLIED CHEMISTRY,2,R201215,0,0,0,0,7,20,3
20HP1A0547,COMPUTER ORGANIZATION,2,R201216,0,0,0,0,6,22,3
20HP1A0547,DATA STRUCTURES,2,R201218,0,0,0,0,6,21,3
20HP1A0547,PYTHON PROGRAMMING,2,R201225,0,0,0,0,7,29,3
20HP1A0547,ENVIRONMENTAL SCIENCE,2,R201228,0,0,0,0,0,0,3
20HP1A0547,APPLIED CHEMISTRY LABORATORY,2,R201239,0,0,0,0,9,13,1.5
20HP1A0547,DATA STRUCTURES LABORATORY,2,R201241,0,0,0,0,10,15,1.5
20HP1A0547,PYTHON PROGRAMMING LABORATORY,2,R201250,0,0,0,0,10,15,1.5
20HP1A0548,MATHEMATICS-II,2,R201201,0,0,0,0,7,21,3
20HP1A0548,APPLIED CHEMISTRY,2,R201215,0,0,0,0,5,21,3
20HP1A0548,COMPUTER ORGANIZATION,2,R201216,0,0,0,0,5,19,3
20HP1A0548,DATA STRUCTURES,2,R201218,0,0,0,0,6,19,3
20HP1A0548,PYTHON PROGRAMMING,2,R201225,0,0,0,0,5,18,3
20HP1A0548,ENVIRONMENTAL SCIENCE,2,R201228,0,0,0,0,0,0,3
20HP1A0548,APPLIED CHEMISTRY LABORATORY,2,R201239,0,0,0,0,9,14,1.5
20HP1A0548,DATA STRUCTURES LABORATORY,2,R201241,0,0,0,0,9,13,1.5
20HP1A0548,PYTHON PROGRAMMING LABORATORY,2,R201250,0,0,0,0,10,13,1.5
20HP1A0549,MATHEMATICS-II,2,R201201,0,0,0,0,6,20,3
20HP1A0549,APPLIED CHEMISTRY,2,R201215,0,0,0,0,5,19,3
20HP1A0549,COMPUTER ORGANIZATION,2,R201216,0,0,0,0,5,15,3
20HP1A0549,DATA STRUCTURES,2,R201218,0,0,0,0,0,20,3
20HP1A0549,PYTHON PROGRAMMING,2,R201225,0,0,0,0,5,19,3
20HP1A0549,ENVIRONMENTAL SCIENCE,2,R201228,0,0,0,0,0,0,3
20HP1A0549,APPLIED CHEMISTRY LABORATORY,2,R201239,0,0,0,0,8,11,1.5
20HP1A0549,DATA STRUCTURES LABORATORY,2,R201241,0,0,0,0,9,13,1.5
20HP1A0549,PYTHON PROGRAMMING LABORATORY,2,R201250,0,0,0,0,9,13,1.5
20HP1A0550,MATHEMATICS-II,2,R201201,0,0,0,0,6,24,3
20HP1A0550,APPLIED CHEMISTRY,2,R201215,0,0,0,0,5,20,3
20HP1A0550,COMPUTER ORGANIZATION,2,R201216,0,0,0,0,0,16,3
20HP1A0550,DATA STRUCTURES,2,R201218,0,0,0,0,0,18,3
20HP1A0550,PYTHON PROGRAMMING,2,R201225,0,0,0,0,5,21,3
20HP1A0550,ENVIRONMENTAL SCIENCE,2,R201228,0,0,0,0,0,0,3
20HP1A0550,APPLIED CHEMISTRY LABORATORY,2,R201239,0,0,0,0,9,13,1.5
20HP1A0550,DATA STRUCTURES LABORATORY,2,R201241,0,0,0,0,9,14,1.5
20HP1A0550,PYTHON PROGRAMMING LABORATORY,2,R201250,0,0,0,0,10,14,1.5
20HP1A0551,MATHEMATICS-II,2,R201201,0,0,0,0,0,24,3
20HP1A0551,APPLIED CHEMISTRY,2,R201215,0,0,0,0,6,20,3
20HP1A0551,COMPUTER ORGANIZATION,2,R201216,0,0,0,0,0,13,3
20HP1A0551,DATA STRUCTURES,2,R201218,0,0,0,0,0,17,3
20HP1A0551,PYTHON PROGRAMMING,2,R201225,0,0,0,0,5,17,3
20HP1A0551,ENVIRONMENTAL SCIENCE,2,R201228,0,0,0,0,0,0,3
20HP1A0551,APPLIED CHEMISTRY LABORATORY,2,R201239,0,0,0,0,9,12,1.5
20HP1A0551,DATA STRUCTURES LABORATORY,2,R201241,0,0,0,0,9,13,1.5
20HP1A0551,PYTHON PROGRAMMING LABORATORY,2,R201250,0,0,0,0,9,13,1.5
20HP1A0552,MATHEMATICS-II,2,R201201,0,0,0,0,6,23,3
20HP1A0552,APPLIED CHEMISTRY,2,R201215,0,0,0,0,0,19,3
20HP1A0552,COMPUTER ORGANIZATION,2,R201216,0,0,0,0,0,11,3
20HP1A0552,DATA STRUCTURES,2,R201218,0,0,0,0,0,11,3
20HP1A0552,PYTHON PROGRAMMING,2,R201225,0,0,0,0,0,14,3
20HP1A0552,ENVIRONMENTAL SCIENCE,2,R201228,0,0,0,0,0,0,3
20HP1A0552,APPLIED CHEMISTRY LABORATORY,2,R201239,0,0,0,0,9,11,1.5
20HP1A0552,DATA STRUCTURES LABORATORY,2,R201241,0,0,0,0,8,12,1.5
20HP1A0552,PYTHON PROGRAMMING LABORATORY,2,R201250,0,0,0,0,9,12,1.5
20HP1A0553,MATHEMATICS-II,2,R201201,0,0,0,0,7,25,3
20HP1A0553,APPLIED CHEMISTRY,2,R201215,0,0,0,0,7,26,3
20HP1A0553,COMPUTER ORGANIZATION,2,R201216,0,0,0,0,6,21,3
20HP1A0553,DATA STRUCTURES,2,R201218,0,0,0,0,7,24,3
20HP1A0553,PYTHON PROGRAMMING,2,R201225,0,0,0,0,7,27,3
20HP1A0553,ENVIRONMENTAL SCIENCE,2,R201228,0,0,0,0,0,0,3
20HP1A0553,APPLIED CHEMISTRY LABORATORY,2,R201239,0,0,0,0,10,15,1.5
20HP1A0553,DATA STRUCTURES LABORATORY,2,R201241,0,0,0,0,10,15,1.5
20HP1A0553,PYTHON PROGRAMMING LABORATORY,2,R201250,0,0,0,0,10,15,1.5
20HP1A0554,MATHEMATICS-II,2,R201201,0,0,0,0,6,21,3
20HP1A0554,APPLIED CHEMISTRY,2,R201215,0,0,0,0,5,19,3
20HP1A0554,COMPUTER ORGANIZATION,2,R201216,0,0,0,0,0,15,3
20HP1A0554,DATA STRUCTURES,2,R201218,0,0,0,0,0,16,3
20HP1A0554,PYTHON PROGRAMMING,2,R201225,0,0,0,0,5,12,3
20HP1A0554,ENVIRONMENTAL SCIENCE,2,R201228,0,0,0,0,0,0,3
20HP1A0554,APPLIED CHEMISTRY LABORATORY,2,R201239,0,0,0,0,7,11,1.5
20HP1A0554,DATA STRUCTURES LABORATORY,2,R201241,0,0,0,0,8,12,1.5
20HP1A0554,PYTHON PROGRAMMING LABORATORY,2,R201250,0,0,0,0,8,12,1.5
20HP1A0555,MATHEMATICS-II,2,R201201,0,0,0,0,8,24,3
20HP1A0555,APPLIED CHEMISTRY,2,R201215,0,0,0,0,7,23,3
20HP1A0555,COMPUTER ORGANIZATION,2,R201216,0,0,0,0,5,15,3
20HP1A0555,DATA STRUCTURES,2,R201218,0,0,0,0,7,22,3
20HP1A0555,PYTHON PROGRAMMING,2,R201225,0,0,0,0,5,25,3
20HP1A0555,ENVIRONMENTAL SCIENCE,2,R201228,0,0,0,0,0,0,3
20HP1A0555,APPLIED CHEMISTRY LABORATORY,2,R201239,0,0,0,0,9,14,1.5
20HP1A0555,DATA STRUCTURES LABORATORY,2,R201241,0,0,0,0,10,15,1.5
20HP1A0555,PYTHON PROGRAMMING LABORATORY,2,R201250,0,0,0,0,10,15,1.5
20HP1A0556,MATHEMATICS-II,2,R201201,0,0,0,0,7,26,3
20HP1A0556,APPLIED CHEMISTRY,2,R201215,0,0,0,0,7,20,3
20HP1A0556,COMPUTER ORGANIZATION,2,R201216,0,0,0,0,5,16,3
20HP1A0556,DATA STRUCTURES,2,R201218,0,0,0,0,6,21,3
20HP1A0556,PYTHON PROGRAMMING,2,R201225,0,0,0,0,6,26,3
20HP1A0556,ENVIRONMENTAL SCIENCE,2,R201228,0,0,0,0,0,0,3
20HP1A0556,APPLIED CHEMISTRY LABORATORY,2,R201239,0,0,0,0,9,14,1.5
20HP1A0556,DATA STRUCTURES LABORATORY,2,R201241,0,0,0,0,10,15,1.5
20HP1A0556,PYTHON PROGRAMMING LABORATORY,2,R201250,0,0,0,0,10,15,1.5
20HP1A0558,MATHEMATICS-II,2,R201201,0,0,0,0,6,21,3
20HP1A0558,APPLIED CHEMISTRY,2,R201215,0,0,0,0,0,13,3
20HP1A0558,COMPUTER ORGANIZATION,2,R201216,0,0,0,0,0,11,3
20HP1A0558,DATA STRUCTURES,2,R201218,0,0,0,0,0,13,3
20HP1A0558,PYTHON PROGRAMMING,2,R201225,0,0,0,0,0,10,3
20HP1A0558,ENVIRONMENTAL SCIENCE,2,R201228,0,0,0,0,0,0,3
20HP1A0558,APPLIED CHEMISTRY LABORATORY,2,R201239,0,0,0,0,6,9,1.5
20HP1A0558,DATA STRUCTURES LABORATORY,2,R201241,0,0,0,0,9,12,1.5
20HP1A0558,PYTHON PROGRAMMING LABORATORY,2,R201250,0,0,0,0,8,12,1.5
20HP1A0559,MATHEMATICS-II,2,R201201,0,0,0,0,6,26,3
20HP1A0559,APPLIED CHEMISTRY,2,R201215,0,0,0,0,AB,25,3
20HP1A0559,COMPUTER ORGANIZATION,2,R201216,0,0,0,0,5,18,3
20HP1A0559,DATA STRUCTURES,2,R201218,0,0,0,0,AB,22,3
20HP1A0559,PYTHON PROGRAMMING,2,R201225,0,0,0,0,5,23,3
20HP1A0559,ENVIRONMENTAL SCIENCE,2,R201228,0,0,0,0,0,0,3
20HP1A0559,APPLIED CHEMISTRY LABORATORY,2,R201239,0,0,0,0,AB,14,3
20HP1A0559,DATA STRUCTURES LABORATORY,2,R201241,0,0,0,0,AB,15,3
20HP1A0559,PYTHON PROGRAMMING LABORATORY,2,R201250,0,0,0,0,AB,15,3
20HP1A0560,MATHEMATICS-II,2,R201201,0,0,0,0,0,18,3
20HP1A0560,APPLIED CHEMISTRY,2,R201215,0,0,0,0,0,10,3
20HP1A0560,COMPUTER ORGANIZATION,2,R201216,0,0,0,0,0,11,3
20HP1A0560,DATA STRUCTURES,2,R201218,0,0,0,0,0,14,3
20HP1A0560,PYTHON PROGRAMMING,2,R201225,0,0,0,0,0,11,3
20HP1A0560,ENVIRONMENTAL SCIENCE,2,R201228,0,0,0,0,0,0,3
20HP1A0560,APPLIED CHEMISTRY LABORATORY,2,R201239,0,0,0,0,6,9,1.5
20HP1A0560,DATA STRUCTURES LABORATORY,2,R201241,0,0,0,0,8,11,1.5
20HP1A0560,PYTHON PROGRAMMING LABORATORY,2,R201250,0,0,0,0,6,11,1.5
20HP1A0561,MATHEMATICS-II,2,R201201,0,0,0,0,8,24,3
20HP1A0561,APPLIED CHEMISTRY,2,R201215,0,0,0,0,8,24,3
20HP1A0561,COMPUTER ORGANIZATION,2,R201216,0,0,0,0,6,23,3
20HP1A0561,DATA STRUCTURES,2,R201218,0,0,0,0,6,23,3
20HP1A0561,PYTHON PROGRAMMING,2,R201225,0,0,0,0,7,25,3
20HP1A0561,ENVIRONMENTAL SCIENCE,2,R201228,0,0,0,0,0,0,3
20HP1A0561,APPLIED CHEMISTRY LABORATORY,2,R201239,0,0,0,0,7,12,1.5
20HP1A0561,DATA STRUCTURES LABORATORY,2,R201241,0,0,0,0,10,15,1.5
20HP1A0561,PYTHON PROGRAMMING LABORATORY,2,R201250,0,0,0,0,10,14,1.5
20HP1A0562,MATHEMATICS-II,2,R201201,0,0,0,0,8,25,3
20HP1A0562,APPLIED CHEMISTRY,2,R201215,0,0,0,0,7,25,3
20HP1A0562,COMPUTER ORGANIZATION,2,R201216,0,0,0,0,5,17,3
20HP1A0562,DATA STRUCTURES,2,R201218,0,0,0,0,5,18,3
20HP1A0562,PYTHON PROGRAMMING,2,R201225,0,0,0,0,0,22,3
20HP1A0562,ENVIRONMENTAL SCIENCE,2,R201228,0,0,0,0,0,0,3
20HP1A0562,APPLIED CHEMISTRY LABORATORY,2,R201239,0,0,0,0,8,15,1.5
20HP1A0562,DATA STRUCTURES LABORATORY,2,R201241,0,0,0,0,9,14,1.5
20HP1A0562,PYTHON PROGRAMMING LABORATORY,2,R201250,0,0,0,0,9,14,1.5
20HP1A0564,MATHEMATICS-II,2,R201201,0,0,0,0,5,19,3
20HP1A0564,APPLIED CHEMISTRY,2,R201215,0,0,0,0,5,21,3
20HP1A0564,COMPUTER ORGANIZATION,2,R201216,0,0,0,0,0,19,3
20HP1A0564,DATA STRUCTURES,2,R201218,0,0,0,0,0,18,3
20HP1A0564,PYTHON PROGRAMMING,2,R201225,0,0,0,0,0,14,3
20HP1A0564,ENVIRONMENTAL SCIENCE,2,R201228,0,0,0,0,0,0,3
20HP1A0564,APPLIED CHEMISTRY LABORATORY,2,R201239,0,0,0,0,9,14,1.5
20HP1A0564,DATA STRUCTURES LABORATORY,2,R201241,0,0,0,0,10,12,1.5
20HP1A0564,PYTHON PROGRAMMING LABORATORY,2,R201250,0,0,0,0,10,12,1.5
20HP1A0565,MATHEMATICS-II,2,R201201,0,0,0,0,7,27,3
20HP1A0565,APPLIED CHEMISTRY,2,R201215,0,0,0,0,8,27,3
20HP1A0565,COMPUTER ORGANIZATION,2,R201216,0,0,0,0,7,26,3
20HP1A0565,DATA STRUCTURES,2,R201218,0,0,0,0,6,26,3
20HP1A0565,PYTHON PROGRAMMING,2,R201225,0,0,0,0,7,25,3
20HP1A0565,ENVIRONMENTAL SCIENCE,2,R201228,0,0,0,0,0,0,3
20HP1A0565,APPLIED CHEMISTRY LABORATORY,2,R201239,0,0,0,0,10,15,1.5
20HP1A0565,DATA STRUCTURES LABORATORY,2,R201241,0,0,0,0,10,15,1.5
20HP1A0565,PYTHON PROGRAMMING LABORATORY,2,R201250,0,0,0,0,10,15,1.5
20HP1A0566,MATHEMATICS-II,2,R201201,0,0,0,0,0,26,3
20HP1A0566,APPLIED CHEMISTRY,2,R201215,0,0,0,0,6,22,3
20HP1A0566,COMPUTER ORGANIZATION,2,R201216,0,0,0,0,6,25,3
20HP1A0566,DATA STRUCTURES,2,R201218,0,0,0,0,6,25,3
20HP1A0566,PYTHON PROGRAMMING,2,R201225,0,0,0,0,6,21,3
20HP1A0566,ENVIRONMENTAL SCIENCE,2,R201228,0,0,0,0,0,0,3
20HP1A0566,APPLIED CHEMISTRY LABORATORY,2,R201239,0,0,0,0,10,14,1.5
20HP1A0566,DATA STRUCTURES LABORATORY,2,R201241,0,0,0,0,10,15,1.5
20HP1A0566,PYTHON PROGRAMMING LABORATORY,2,R201250,0,0,0,0,10,13,1.5
20HP1A0567,MATHEMATICS-II,2,R201201,0,0,0,0,8,28,3
20HP1A0567,APPLIED CHEMISTRY,2,R201215,0,0,0,0,7,26,3
20HP1A0567,COMPUTER ORGANIZATION,2,R201216,0,0,0,0,7,26,3
20HP1A0567,DATA STRUCTURES,2,R201218,0,0,0,0,7,25,3
20HP1A0567,PYTHON PROGRAMMING,2,R201225,0,0,0,0,6,22,3
20HP1A0567,ENVIRONMENTAL SCIENCE,2,R201228,0,0,0,0,0,0,3
20HP1A0567,APPLIED CHEMISTRY LABORATORY,2,R201239,0,0,0,0,10,15,1.5
20HP1A0567,DATA STRUCTURES LABORATORY,2,R201241,0,0,0,0,10,15,1.5
20HP1A0567,PYTHON PROGRAMMING LABORATORY,2,R201250,0,0,0,0,10,15,1.5
20HP1A0568,MATHEMATICS-II,2,R201201,0,0,0,0,7,24,3
20HP1A0568,APPLIED CHEMISTRY,2,R201215,0,0,0,0,6,23,3
20HP1A0568,COMPUTER ORGANIZATION,2,R201216,0,0,0,0,0,20,3
20HP1A0568,DATA STRUCTURES,2,R201218,0,0,0,0,7,22,3
20HP1A0568,PYTHON PROGRAMMING,2,R201225,0,0,0,0,5,17,3
20HP1A0568,ENVIRONMENTAL SCIENCE,2,R201228,0,0,0,0,0,0,3
20HP1A0568,APPLIED CHEMISTRY LABORATORY,2,R201239,0,0,0,0,10,14,1.5
20HP1A0568,DATA STRUCTURES LABORATORY,2,R201241,0,0,0,0,10,14,1.5
20HP1A0568,PYTHON PROGRAMMING LABORATORY,2,R201250,0,0,0,0,9,12,1.5
20HP1A0569,MATHEMATICS-II,2,R201201,0,0,0,0,6,24,3
20HP1A0569,APPLIED CHEMISTRY,2,R201215,0,0,0,0,5,19,3
20HP1A0569,COMPUTER ORGANIZATION,2,R201216,0,0,0,0,5,20,3
20HP1A0569,DATA STRUCTURES,2,R201218,0,0,0,0,5,19,3
20HP1A0569,PYTHON PROGRAMMING,2,R201225,0,0,0,0,5,22,3
20HP1A0569,ENVIRONMENTAL SCIENCE,2,R201228,0,0,0,0,0,0,3
20HP1A0569,APPLIED CHEMISTRY LABORATORY,2,R201239,0,0,0,0,7,10,1.5
20HP1A0569,DATA STRUCTURES LABORATORY,2,R201241,0,0,0,0,10,13,1.5
20HP1A0569,PYTHON PROGRAMMING LABORATORY,2,R201250,0,0,0,0,10,14,1.5
20HP1A0570,MATHEMATICS-II,2,R201201,0,0,0,0,0,19,3
20HP1A0570,APPLIED CHEMISTRY,2,R201215,0,0,0,0,0,9,3
20HP1A0570,COMPUTER ORGANIZATION,2,R201216,0,0,0,0,0,7,3
20HP1A0570,DATA STRUCTURES,2,R201218,0,0,0,0,0,12,3
20HP1A0570,PYTHON PROGRAMMING,2,R201225,0,0,0,0,0,9,3
20HP1A0570,ENVIRONMENTAL SCIENCE,2,R201228,0,0,0,0,0,0,3
20HP1A0570,APPLIED CHEMISTRY LABORATORY,2,R201239,0,0,0,0,8,8,1.5
20HP1A0570,DATA STRUCTURES LABORATORY,2,R201241,0,0,0,0,8,11,1.5
20HP1A0570,PYTHON PROGRAMMING LABORATORY,2,R201250,0,0,0,0,7,11,1.5
20HP1A0571,MATHEMATICS-II,2,R201201,0,0,0,0,7,24,3
20HP1A0571,APPLIED CHEMISTRY,2,R201215,0,0,0,0,6,21,3
20HP1A0571,COMPUTER ORGANIZATION,2,R201216,0,0,0,0,6,21,3
20HP1A0571,DATA STRUCTURES,2,R201218,0,0,0,0,6,24,3
20HP1A0571,PYTHON PROGRAMMING,2,R201225,0,0,0,0,6,19,3
20HP1A0571,ENVIRONMENTAL SCIENCE,2,R201228,0,0,0,0,0,0,3
20HP1A0571,APPLIED CHEMISTRY LABORATORY,2,R201239,0,0,0,0,9,13,1.5
20HP1A0571,DATA STRUCTURES LABORATORY,2,R201241,0,0,0,0,10,15,1.5
20HP1A0571,PYTHON PROGRAMMING LABORATORY,2,R201250,0,0,0,0,9,12,1.5
20HP1A0572,MATHEMATICS-II,2,R201201,0,0,0,0,5,23,3
20HP1A0572,APPLIED CHEMISTRY,2,R201215,0,0,0,0,0,18,3
20HP1A0572,COMPUTER ORGANIZATION,2,R201216,0,0,0,0,0,18,3
20HP1A0572,DATA STRUCTURES,2,R201218,0,0,0,0,6,21,3
20HP1A0572,PYTHON PROGRAMMING,2,R201225,0,0,0,0,5,21,3
20HP1A0572,ENVIRONMENTAL SCIENCE,2,R201228,0,0,0,0,0,0,3
20HP1A0572,APPLIED CHEMISTRY LABORATORY,2,R201239,0,0,0,0,7,10,1.5
20HP1A0572,DATA STRUCTURES LABORATORY,2,R201241,0,0,0,0,10,13,1.5
20HP1A0572,PYTHON PROGRAMMING LABORATORY,2,R201250,0,0,0,0,10,14,1.5
20HP1A0573,MATHEMATICS-II,2,R201201,0,0,0,0,7,26,3
20HP1A0573,APPLIED CHEMISTRY,2,R201215,0,0,0,0,6,20,3
20HP1A0573,COMPUTER ORGANIZATION,2,R201216,0,0,0,0,6,23,3
20HP1A0573,DATA STRUCTURES,2,R201218,0,0,0,0,8,26,3
20HP1A0573,PYTHON PROGRAMMING,2,R201225,0,0,0,0,5,19,3
20HP1A0573,ENVIRONMENTAL SCIENCE,2,R201228,0,0,0,0,0,0,3
20HP1A0573,APPLIED CHEMISTRY LABORATORY,2,R201239,0,0,0,0,7,10,1.5
20HP1A0573,DATA STRUCTURES LABORATORY,2,R201241,0,0,0,0,10,15,1.5
20HP1A0573,PYTHON PROGRAMMING LABORATORY,2,R201250,0,0,0,0,9,13,1.5
20HP1A0574,MATHEMATICS-II,2,R201201,0,0,0,0,0,23,3
20HP1A0574,APPLIED CHEMISTRY,2,R201215,0,0,0,0,5,19,3
20HP1A0574,COMPUTER ORGANIZATION,2,R201216,0,0,0,0,0,17,3
20HP1A0574,DATA STRUCTURES,2,R201218,0,0,0,0,0,22,3
20HP1A0574,PYTHON PROGRAMMING,2,R201225,0,0,0,0,0,18,3
20HP1A0574,ENVIRONMENTAL SCIENCE,2,R201228,0,0,0,0,0,0,3
20HP1A0574,APPLIED CHEMISTRY LABORATORY,2,R201239,0,0,0,0,7,10,1.5
20HP1A0574,DATA STRUCTURES LABORATORY,2,R201241,0,0,0,0,9,13,1.5
20HP1A0574,PYTHON PROGRAMMING LABORATORY,2,R201250,0,0,0,0,9,12,1.5
20HP1A0575,MATHEMATICS-II,2,R201201,0,0,0,0,5,21,3
20HP1A0575,APPLIED CHEMISTRY,2,R201215,0,0,0,0,6,20,3
20HP1A0575,COMPUTER ORGANIZATION,2,R201216,0,0,0,0,5,19,3
20HP1A0575,DATA STRUCTURES,2,R201218,0,0,0,0,6,20,3
20HP1A0575,PYTHON PROGRAMMING,2,R201225,0,0,0,0,0,17,3
20HP1A0575,ENVIRONMENTAL SCIENCE,2,R201228,0,0,0,0,0,0,3
20HP1A0575,APPLIED CHEMISTRY LABORATORY,2,R201239,0,0,0,0,8,11,1.5
20HP1A0575,DATA STRUCTURES LABORATORY,2,R201241,0,0,0,0,10,12,1.5
20HP1A0575,PYTHON PROGRAMMING LABORATORY,2,R201250,0,0,0,0,9,12,1.5
20HP1A0576,MATHEMATICS-II,2,R201201,0,0,0,0,8,25,3
20HP1A0576,APPLIED CHEMISTRY,2,R201215,0,0,0,0,6,20,3
20HP1A0576,COMPUTER ORGANIZATION,2,R201216,0,0,0,0,6,21,3
20HP1A0576,DATA STRUCTURES,2,R201218,0,0,0,0,7,24,3
20HP1A0576,PYTHON PROGRAMMING,2,R201225,0,0,0,0,5,21,3
20HP1A0576,ENVIRONMENTAL SCIENCE,2,R201228,0,0,0,0,0,0,3
20HP1A0576,APPLIED CHEMISTRY LABORATORY,2,R201239,0,0,0,0,9,13,1.5
20HP1A0576,DATA STRUCTURES LABORATORY,2,R201241,0,0,0,0,9,15,1.5
20HP1A0576,PYTHON PROGRAMMING LABORATORY,2,R201250,0,0,0,0,9,12,1.5
20HP1A0577,MATHEMATICS-II,2,R201201,0,0,0,0,8,26,3
20HP1A0577,APPLIED CHEMISTRY,2,R201215,0,0,0,0,6,18,3
20HP1A0577,COMPUTER ORGANIZATION,2,R201216,0,0,0,0,6,19,3
20HP1A0577,DATA STRUCTURES,2,R201218,0,0,0,0,6,24,3
20HP1A0577,PYTHON PROGRAMMING,2,R201225,0,0,0,0,5,17,3
20HP1A0577,ENVIRONMENTAL SCIENCE,2,R201228,0,0,0,0,0,0,3
20HP1A0577,APPLIED CHEMISTRY LABORATORY,2,R201239,0,0,0,0,10,12,1.5
20HP1A0577,DATA STRUCTURES LABORATORY,2,R201241,0,0,0,0,10,15,1.5
20HP1A0577,PYTHON PROGRAMMING LABORATORY,2,R201250,0,0,0,0,8,11,1.5
20HP1A0578,MATHEMATICS-II,2,R201201,0,0,0,0,0,23,3
20HP1A0578,APPLIED CHEMISTRY,2,R201215,0,0,0,0,5,22,3
20HP1A0578,COMPUTER ORGANIZATION,2,R201216,0,0,0,0,5,18,3
20HP1A0578,DATA STRUCTURES,2,R201218,0,0,0,0,5,19,3
20HP1A0578,PYTHON PROGRAMMING,2,R201225,0,0,0,0,5,17,3
20HP1A0578,ENVIRONMENTAL SCIENCE,2,R201228,0,0,0,0,0,0,3
20HP1A0578,APPLIED CHEMISTRY LABORATORY,2,R201239,0,0,0,0,9,12,1.5
20HP1A0578,DATA STRUCTURES LABORATORY,2,R201241,0,0,0,0,10,12,1.5
20HP1A0578,PYTHON PROGRAMMING LABORATORY,2,R201250,0,0,0,0,9,11,1.5
20HP1A0579,MATHEMATICS-II,2,R201201,0,0,0,0,7,26,3
20HP1A0579,APPLIED CHEMISTRY,2,R201215,0,0,0,0,7,24,3
20HP1A0579,COMPUTER ORGANIZATION,2,R201216,0,0,0,0,6,25,3
20HP1A0579,DATA STRUCTURES,2,R201218,0,0,0,0,6,22,3
20HP1A0579,PYTHON PROGRAMMING,2,R201225,0,0,0,0,6,20,3
20HP1A0579,ENVIRONMENTAL SCIENCE,2,R201228,0,0,0,0,0,0,3
20HP1A0579,APPLIED CHEMISTRY LABORATORY,2,R201239,0,0,0,0,10,14,1.5
20HP1A0579,DATA STRUCTURES LABORATORY,2,R201241,0,0,0,0,10,13,1.5
20HP1A0579,PYTHON PROGRAMMING LABORATORY,2,R201250,0,0,0,0,9,14,1.5
20HP1A0580,MATHEMATICS-II,2,R201201,0,0,0,0,0,23,3
20HP1A0580,APPLIED CHEMISTRY,2,R201215,0,0,0,0,6,21,3
20HP1A0580,COMPUTER ORGANIZATION,2,R201216,0,0,0,0,0,22,3
20HP1A0580,DATA STRUCTURES,2,R201218,0,0,0,0,6,20,3
20HP1A0580,PYTHON PROGRAMMING,2,R201225,0,0,0,0,0,19,3
20HP1A0580,ENVIRONMENTAL SCIENCE,2,R201228,0,0,0,0,0,0,3
20HP1A0580,APPLIED CHEMISTRY LABORATORY,2,R201239,0,0,0,0,8,11,1.5
20HP1A0580,DATA STRUCTURES LABORATORY,2,R201241,0,0,0,0,10,13,1.5
20HP1A0580,PYTHON PROGRAMMING LABORATORY,2,R201250,0,0,0,0,10,13,1.5
20HP1A0581,MATHEMATICS-II,2,R201201,0,0,0,0,0,27,3
20HP1A0581,APPLIED CHEMISTRY,2,R201215,0,0,0,0,0,17,3
20HP1A0581,COMPUTER ORGANIZATION,2,R201216,0,0,0,0,5,18,3
20HP1A0581,DATA STRUCTURES,2,R201218,0,0,0,0,5,21,3
20HP1A0581,PYTHON PROGRAMMING,2,R201225,0,0,0,0,5,17,3
20HP1A0581,ENVIRONMENTAL SCIENCE,2,R201228,0,0,0,0,0,0,3
20HP1A0581,APPLIED CHEMISTRY LABORATORY,2,R201239,0,0,0,0,8,10,1.5
20HP1A0581,DATA STRUCTURES LABORATORY,2,R201241,0,0,0,0,9,12,1.5
20HP1A0581,PYTHON PROGRAMMING LABORATORY,2,R201250,0,0,0,0,9,13,1.5
20HP1A0582,MATHEMATICS-II,2,R201201,0,0,0,0,8,27,3
20HP1A0582,APPLIED CHEMISTRY,2,R201215,0,0,0,0,6,24,3
20HP1A0582,COMPUTER ORGANIZATION,2,R201216,0,0,0,0,5,20,3
20HP1A0582,DATA STRUCTURES,2,R201218,0,0,0,0,6,22,3
20HP1A0582,PYTHON PROGRAMMING,2,R201225,0,0,0,0,5,20,3
20HP1A0582,ENVIRONMENTAL SCIENCE,2,R201228,0,0,0,0,0,0,3
20HP1A0582,APPLIED CHEMISTRY LABORATORY,2,R201239,0,0,0,0,9,13,1.5
20HP1A0582,DATA STRUCTURES LABORATORY,2,R201241,0,0,0,0,10,14,1.5
20HP1A0582,PYTHON PROGRAMMING LABORATORY,2,R201250,0,0,0,0,10,13,1.5
20HP1A0583,MATHEMATICS-II,2,R201201,0,0,0,0,0,25,3
20HP1A0583,APPLIED CHEMISTRY,2,R201215,0,0,0,0,5,18,3
20HP1A0583,COMPUTER ORGANIZATION,2,R201216,0,0,0,0,0,18,3
20HP1A0583,DATA STRUCTURES,2,R201218,0,0,0,0,5,21,3
20HP1A0583,PYTHON PROGRAMMING,2,R201225,0,0,0,0,5,16,3
20HP1A0583,ENVIRONMENTAL SCIENCE,2,R201228,0,0,0,0,0,0,3
20HP1A0583,APPLIED CHEMISTRY LABORATORY,2,R201239,0,0,0,0,9,12,1.5
20HP1A0583,DATA STRUCTURES LABORATORY,2,R201241,0,0,0,0,10,13,1.5
20HP1A0583,PYTHON PROGRAMMING LABORATORY,2,R201250,0,0,0,0,8,11,1.5
20HP1A0584,MATHEMATICS-II,2,R201201,0,0,0,0,6,19,3
20HP1A0584,APPLIED CHEMISTRY,2,R201215,0,0,0,0,5,14,3
20HP1A0584,COMPUTER ORGANIZATION,2,R201216,0,0,0,0,0,13,3
20HP1A0584,DATA STRUCTURES,2,R201218,0,0,0,0,5,15,3
20HP1A0584,PYTHON PROGRAMMING,2,R201225,0,0,0,0,5,15,3
20HP1A0584,ENVIRONMENTAL SCIENCE,2,R201228,0,0,0,0,0,0,3
20HP1A0584,APPLIED CHEMISTRY LABORATORY,2,R201239,0,0,0,0,8,9,1.5
20HP1A0584,DATA STRUCTURES LABORATORY,2,R201241,0,0,0,0,9,12,1.5
20HP1A0584,PYTHON PROGRAMMING LABORATORY,2,R201250,0,0,0,0,8,11,1.5
20HP1A0585,MATHEMATICS-II,2,R201201,0,0,0,0,8,25,3
20HP1A0585,APPLIED CHEMISTRY,2,R201215,0,0,0,0,6,21,3
20HP1A0585,COMPUTER ORGANIZATION,2,R201216,0,0,0,0,5,19,3
20HP1A0585,DATA STRUCTURES,2,R201218,0,0,0,0,5,17,3
20HP1A0585,PYTHON PROGRAMMING,2,R201225,0,0,0,0,6,20,3
20HP1A0585,ENVIRONMENTAL SCIENCE,2,R201228,0,0,0,0,0,0,3
20HP1A0585,APPLIED CHEMISTRY LABORATORY,2,R201239,0,0,0,0,10,11,1.5
20HP1A0585,DATA STRUCTURES LABORATORY,2,R201241,0,0,0,0,10,13,1.5
20HP1A0585,PYTHON PROGRAMMING LABORATORY,2,R201250,0,0,0,0,9,13,1.5
20HP1A0586,MATHEMATICS-II,2,R201201,0,0,0,0,0,21,3
20HP1A0586,APPLIED CHEMISTRY,2,R201215,0,0,0,0,6,17,3
20HP1A0586,COMPUTER ORGANIZATION,2,R201216,0,0,0,0,0,19,3
20HP1A0586,DATA STRUCTURES,2,R201218,0,0,0,0,6,18,3
20HP1A0586,PYTHON PROGRAMMING,2,R201225,0,0,0,0,5,17,3
20HP1A0586,ENVIRONMENTAL SCIENCE,2,R201228,0,0,0,0,0,0,3
20HP1A0586,APPLIED CHEMISTRY LABORATORY,2,R201239,0,0,0,0,9,12,1.5
20HP1A0586,DATA STRUCTURES LABORATORY,2,R201241,0,0,0,0,9,13,1.5
20HP1A0586,PYTHON PROGRAMMING LABORATORY,2,R201250,0,0,0,0,9,12,1.5
20HP1A0587,MATHEMATICS-II,2,R201201,0,0,0,0,9,28,3
20HP1A0587,APPLIED CHEMISTRY,2,R201215,0,0,0,0,7,21,3
20HP1A0587,COMPUTER ORGANIZATION,2,R201216,0,0,0,0,5,21,3
20HP1A0587,DATA STRUCTURES,2,R201218,0,0,0,0,6,20,3
20HP1A0587,PYTHON PROGRAMMING,2,R201225,0,0,0,0,5,20,3
20HP1A0587,ENVIRONMENTAL SCIENCE,2,R201228,0,0,0,0,0,0,3
20HP1A0587,APPLIED CHEMISTRY LABORATORY,2,R201239,0,0,0,0,10,12,1.5
20HP1A0587,DATA STRUCTURES LABORATORY,2,R201241,0,0,0,0,10,13,1.5
20HP1A0587,PYTHON PROGRAMMING LABORATORY,2,R201250,0,0,0,0,8,14,1.5
20HP1A0588,MATHEMATICS-II,2,R201201,0,0,0,0,7,25,3
20HP1A0588,APPLIED CHEMISTRY,2,R201215,0,0,0,0,7,19,3
20HP1A0588,COMPUTER ORGANIZATION,2,R201216,0,0,0,0,0,21,3
20HP1A0588,DATA STRUCTURES,2,R201218,0,0,0,0,7,23,3
20HP1A0588,PYTHON PROGRAMMING,2,R201225,0,0,0,0,5,20,3
20HP1A0588,ENVIRONMENTAL SCIENCE,2,R201228,0,0,0,0,0,0,3
20HP1A0588,APPLIED CHEMISTRY LABORATORY,2,R201239,0,0,0,0,9,13,1.5
20HP1A0588,DATA STRUCTURES LABORATORY,2,R201241,0,0,0,0,10,15,1.5
20HP1A0588,PYTHON PROGRAMMING LABORATORY,2,R201250,0,0,0,0,10,13,1.5
20HP1A0589,MATHEMATICS-II,2,R201201,0,0,0,0,6,22,3
20HP1A0589,APPLIED CHEMISTRY,2,R201215,0,0,0,0,5,16,3
20HP1A0589,COMPUTER ORGANIZATION,2,R201216,0,0,0,0,0,19,3
20HP1A0589,DATA STRUCTURES,2,R201218,0,0,0,0,6,21,3
20HP1A0589,PYTHON PROGRAMMING,2,R201225,0,0,0,0,5,16,3
20HP1A0589,ENVIRONMENTAL SCIENCE,2,R201228,0,0,0,0,0,0,3
20HP1A0589,APPLIED CHEMISTRY LABORATORY,2,R201239,0,0,0,0,9,14,1.5
20HP1A0589,DATA STRUCTURES LABORATORY,2,R201241,0,0,0,0,10,14,1.5
20HP1A0589,PYTHON PROGRAMMING LABORATORY,2,R201250,0,0,0,0,8,11,1.5
20HP1A0590,MATHEMATICS-II,2,R201201,0,0,0,0,8,23,3
20HP1A0590,APPLIED CHEMISTRY,2,R201215,0,0,0,0,6,18,3
20HP1A0590,COMPUTER ORGANIZATION,2,R201216,0,0,0,0,6,20,3
20HP1A0590,DATA STRUCTURES,2,R201218,0,0,0,0,6,19,3
20HP1A0590,PYTHON PROGRAMMING,2,R201225,0,0,0,0,5,18,3
20HP1A0590,ENVIRONMENTAL SCIENCE,2,R201228,0,0,0,0,0,0,3
20HP1A0590,APPLIED CHEMISTRY LABORATORY,2,R201239,0,0,0,0,10,14,1.5
20HP1A0590,DATA STRUCTURES LABORATORY,2,R201241,0,0,0,0,10,13,1.5
20HP1A0590,PYTHON PROGRAMMING LABORATORY,2,R201250,0,0,0,0,9,13,1.5
20HP1A0591,MATHEMATICS-II,2,R201201,0,0,0,0,7,22,3
20HP1A0591,APPLIED CHEMISTRY,2,R201215,0,0,0,0,6,20,3
20HP1A0591,COMPUTER ORGANIZATION,2,R201216,0,0,0,0,5,18,3
20HP1A0591,DATA STRUCTURES,2,R201218,0,0,0,0,6,21,3
20HP1A0591,PYTHON PROGRAMMING,2,R201225,0,0,0,0,5,19,3
20HP1A0591,ENVIRONMENTAL SCIENCE,2,R201228,0,0,0,0,0,0,3
20HP1A0591,APPLIED CHEMISTRY LABORATORY,2,R201239,0,0,0,0,9,11,1.5
20HP1A0591,DATA STRUCTURES LABORATORY,2,R201241,0,0,0,0,10,15,1.5
20HP1A0591,PYTHON PROGRAMMING LABORATORY,2,R201250,0,0,0,0,8,11,1.5
20HP1A0592,MATHEMATICS-II,2,R201201,0,0,0,0,8,25,3
20HP1A0592,APPLIED CHEMISTRY,2,R201215,0,0,0,0,0,19,3
20HP1A0592,COMPUTER ORGANIZATION,2,R201216,0,0,0,0,0,16,3
20HP1A0592,DATA STRUCTURES,2,R201218,0,0,0,0,7,23,3
20HP1A0592,PYTHON PROGRAMMING,2,R201225,0,0,0,0,5,18,3
20HP1A0592,ENVIRONMENTAL SCIENCE,2,R201228,0,0,0,0,0,0,3
20HP1A0592,APPLIED CHEMISTRY LABORATORY,2,R201239,0,0,0,0,9,12,1.5
20HP1A0592,DATA STRUCTURES LABORATORY,2,R201241,0,0,0,0,10,15,1.5
20HP1A0592,PYTHON PROGRAMMING LABORATORY,2,R201250,0,0,0,0,9,12,1.5
20HP1A0593,MATHEMATICS-II,2,R201201,0,0,0,0,8,29,3
20HP1A0593,APPLIED CHEMISTRY,2,R201215,0,0,0,0,8,23,3
20HP1A0593,COMPUTER ORGANIZATION,2,R201216,0,0,0,0,7,27,3
20HP1A0593,DATA STRUCTURES,2,R201218,0,0,0,0,8,27,3
20HP1A0593,PYTHON PROGRAMMING,2,R201225,0,0,0,0,7,25,3
20HP1A0593,ENVIRONMENTAL SCIENCE,2,R201228,0,0,0,0,0,0,3
20HP1A0593,APPLIED CHEMISTRY LABORATORY,2,R201239,0,0,0,0,10,14,1.5
20HP1A0593,DATA STRUCTURES LABORATORY,2,R201241,0,0,0,0,10,15,1.5
20HP1A0593,PYTHON PROGRAMMING LABORATORY,2,R201250,0,0,0,0,10,14,1.5
20HP1A0594,MATHEMATICS-II,2,R201201,0,0,0,0,7,25,3
20HP1A0594,APPLIED CHEMISTRY,2,R201215,0,0,0,0,5,18,3
20HP1A0594,COMPUTER ORGANIZATION,2,R201216,0,0,0,0,5,17,3
20HP1A0594,DATA STRUCTURES,2,R201218,0,0,0,0,7,24,3
20HP1A0594,PYTHON PROGRAMMING,2,R201225,0,0,0,0,6,20,3
20HP1A0594,ENVIRONMENTAL SCIENCE,2,R201228,0,0,0,0,0,0,3
20HP1A0594,APPLIED CHEMISTRY LABORATORY,2,R201239,0,0,0,0,9,12,1.5
20HP1A0594,DATA STRUCTURES LABORATORY,2,R201241,0,0,0,0,10,15,1.5
20HP1A0594,PYTHON PROGRAMMING LABORATORY,2,R201250,0,0,0,0,9,13,1.5
20HP1A0595,MATHEMATICS-II,2,R201201,0,0,0,0,8,26,3
20HP1A0595,APPLIED CHEMISTRY,2,R201215,0,0,0,0,5,18,3
20HP1A0595,COMPUTER ORGANIZATION,2,R201216,0,0,0,0,5,19,3
20HP1A0595,DATA STRUCTURES,2,R201218,0,0,0,0,7,23,3
20HP1A0595,PYTHON PROGRAMMING,2,R201225,0,0,0,0,5,16,3
20HP1A0595,ENVIRONMENTAL SCIENCE,2,R201228,0,0,0,0,0,0,3
20HP1A0595,APPLIED CHEMISTRY LABORATORY,2,R201239,0,0,0,0,9,12,1.5
20HP1A0595,DATA STRUCTURES LABORATORY,2,R201241,0,0,0,0,10,15,1.5
20HP1A0595,PYTHON PROGRAMMING LABORATORY,2,R201250,0,0,0,0,9,12,1.5
20HP1A0596,MATHEMATICS-II,2,R201201,0,0,0,0,7,21,3
20HP1A0596,APPLIED CHEMISTRY,2,R201215,0,0,0,0,7,23,3
20HP1A0596,COMPUTER ORGANIZATION,2,R201216,0,0,0,0,6,21,3
20HP1A0596,DATA STRUCTURES,2,R201218,0,0,0,0,8,27,3
20HP1A0596,PYTHON PROGRAMMING,2,R201225,0,0,0,0,6,21,3
20HP1A0596,ENVIRONMENTAL SCIENCE,2,R201228,0,0,0,0,0,0,3
20HP1A0596,APPLIED CHEMISTRY LABORATORY,2,R201239,0,0,0,0,10,14,1.5
20HP1A0596,DATA STRUCTURES LABORATORY,2,R201241,0,0,0,0,10,15,1.5
20HP1A0596,PYTHON PROGRAMMING LABORATORY,2,R201250,0,0,0,0,10,13,1.5
20HP1A0597,MATHEMATICS-II,2,R201201,0,0,0,0,8,26,3
20HP1A0597,APPLIED CHEMISTRY,2,R201215,0,0,0,0,6,20,3
20HP1A0597,COMPUTER ORGANIZATION,2,R201216,0,0,0,0,0,23,3
20HP1A0597,DATA STRUCTURES,2,R201218,0,0,0,0,7,24,3
20HP1A0597,PYTHON PROGRAMMING,2,R201225,0,0,0,0,6,21,3
20HP1A0597,ENVIRONMENTAL SCIENCE,2,R201228,0,0,0,0,0,0,3
20HP1A0597,APPLIED CHEMISTRY LABORATORY,2,R201239,0,0,0,0,8,11,1.5
20HP1A0597,DATA STRUCTURES LABORATORY,2,R201241,0,0,0,0,10,15,1.5
20HP1A0597,PYTHON PROGRAMMING LABORATORY,2,R201250,0,0,0,0,9,13,1.5
20HP1A0598,MATHEMATICS-II,2,R201201,0,0,0,0,8,26,3
20HP1A0598,APPLIED CHEMISTRY,2,R201215,0,0,0,0,5,19,3
20HP1A0598,COMPUTER ORGANIZATION,2,R201216,0,0,0,0,0,18,3
20HP1A0598,DATA STRUCTURES,2,R201218,0,0,0,0,6,22,3
20HP1A0598,PYTHON PROGRAMMING,2,R201225,0,0,0,0,5,21,3
20HP1A0598,ENVIRONMENTAL SCIENCE,2,R201228,0,0,0,0,0,0,3
20HP1A0598,APPLIED CHEMISTRY LABORATORY,2,R201239,0,0,0,0,10,12,1.5
20HP1A0598,DATA STRUCTURES LABORATORY,2,R201241,0,0,0,0,10,14,1.5
20HP1A0598,PYTHON PROGRAMMING LABORATORY,2,R201250,0,0,0,0,9,12,1.5
20HP1A0599,MATHEMATICS-II,2,R201201,0,0,0,0,6,25,3
20HP1A0599,APPLIED CHEMISTRY,2,R201215,0,0,0,0,6,20,3
20HP1A0599,COMPUTER ORGANIZATION,2,R201216,0,0,0,0,5,17,3
20HP1A0599,DATA STRUCTURES,2,R201218,0,0,0,0,6,18,3
20HP1A0599,PYTHON PROGRAMMING,2,R201225,0,0,0,0,5,12,3
20HP1A0599,ENVIRONMENTAL SCIENCE,2,R201228,0,0,0,0,0,0,3
20HP1A0599,APPLIED CHEMISTRY LABORATORY,2,R201239,0,0,0,0,9,13,1.5
20HP1A0599,DATA STRUCTURES LABORATORY,2,R201241,0,0,0,0,9,13,1.5
20HP1A0599,PYTHON PROGRAMMING LABORATORY,2,R201250,0,0,0,0,8,11,1.5
20HP1A05A0,MATHEMATICS-II,2,R201201,0,0,0,0,6,22,3
20HP1A05A0,APPLIED CHEMISTRY,2,R201215,0,0,0,0,6,21,3
20HP1A05A0,COMPUTER ORGANIZATION,2,R201216,0,0,0,0,5,17,3
20HP1A05A0,DATA STRUCTURES,2,R201218,0,0,0,0,6,24,3
20HP1A05A0,PYTHON PROGRAMMING,2,R201225,0,0,0,0,5,11,3
20HP1A05A0,ENVIRONMENTAL SCIENCE,2,R201228,0,0,0,0,0,0,3
20HP1A05A0,APPLIED CHEMISTRY LABORATORY,2,R201239,0,0,0,0,10,14,1.5
20HP1A05A0,DATA STRUCTURES LABORATORY,2,R201241,0,0,0,0,9,15,1.5
20HP1A05A0,PYTHON PROGRAMMING LABORATORY,2,R201250,0,0,0,0,7,11,1.5
20HP1A05A1,MATHEMATICS-II,2,R201201,0,0,0,0,7,25,3
20HP1A05A1,APPLIED CHEMISTRY,2,R201215,0,0,0,0,7,21,3
20HP1A05A1,COMPUTER ORGANIZATION,2,R201216,0,0,0,0,5,20,3
20HP1A05A1,DATA STRUCTURES,2,R201218,0,0,0,0,6,25,3
20HP1A05A1,PYTHON PROGRAMMING,2,R201225,0,0,0,0,6,18,3
20HP1A05A1,ENVIRONMENTAL SCIENCE,2,R201228,0,0,0,0,0,0,3
20HP1A05A1,APPLIED CHEMISTRY LABORATORY,2,R201239,0,0,0,0,9,12,1.5
20HP1A05A1,DATA STRUCTURES LABORATORY,2,R201241,0,0,0,0,10,15,1.5
20HP1A05A1,PYTHON PROGRAMMING LABORATORY,2,R201250,0,0,0,0,8,11,1.5
20HP1A05A2,MATHEMATICS-II,2,R201201,0,0,0,0,7,25,3
20HP1A05A2,APPLIED CHEMISTRY,2,R201215,0,0,0,0,5,17,3
20HP1A05A2,COMPUTER ORGANIZATION,2,R201216,0,0,0,0,5,15,3
20HP1A05A2,DATA STRUCTURES,2,R201218,0,0,0,0,5,20,3
20HP1A05A2,PYTHON PROGRAMMING,2,R201225,0,0,0,0,6,15,3
20HP1A05A2,ENVIRONMENTAL SCIENCE,2,R201228,0,0,0,0,0,0,3
20HP1A05A2,APPLIED CHEMISTRY LABORATORY,2,R201239,0,0,0,0,8,11,1.5
20HP1A05A2,DATA STRUCTURES LABORATORY,2,R201241,0,0,0,0,10,13,1.5
20HP1A05A2,PYTHON PROGRAMMING LABORATORY,2,R201250,0,0,0,0,8,12,1.5
20HP1A05A3,MATHEMATICS-II,2,R201201,0,0,0,0,8,26,3
20HP1A05A3,APPLIED CHEMISTRY,2,R201215,0,0,0,0,6,20,3
20HP1A05A3,COMPUTER ORGANIZATION,2,R201216,0,0,0,0,6,22,3
20HP1A05A3,DATA STRUCTURES,2,R201218,0,0,0,0,6,25,3
20HP1A05A3,PYTHON PROGRAMMING,2,R201225,0,0,0,0,7,22,3
20HP1A05A3,ENVIRONMENTAL SCIENCE,2,R201228,0,0,0,0,0,0,3
20HP1A05A3,APPLIED CHEMISTRY LABORATORY,2,R201239,0,0,0,0,9,13,1.5
20HP1A05A3,DATA STRUCTURES LABORATORY,2,R201241,0,0,0,0,10,15,1.5
20HP1A05A3,PYTHON PROGRAMMING LABORATORY,2,R201250,0,0,0,0,10,15,1.5
20HP1A05A4,MATHEMATICS-II,2,R201201,0,0,0,0,8,27,3
20HP1A05A4,APPLIED CHEMISTRY,2,R201215,0,0,0,0,7,22,3
20HP1A05A4,COMPUTER ORGANIZATION,2,R201216,0,0,0,0,6,22,3
20HP1A05A4,DATA STRUCTURES,2,R201218,0,0,0,0,7,27,3
20HP1A05A4,PYTHON PROGRAMMING,2,R201225,0,0,0,0,8,23,3
20HP1A05A4,ENVIRONMENTAL SCIENCE,2,R201228,0,0,0,0,0,0,3
20HP1A05A4,APPLIED CHEMISTRY LABORATORY,2,R201239,0,0,0,0,10,14,1.5
20HP1A05A4,DATA STRUCTURES LABORATORY,2,R201241,0,0,0,0,10,15,1.5
20HP1A05A4,PYTHON PROGRAMMING LABORATORY,2,R201250,0,0,0,0,10,14,1.5
20HP1A05A5,MATHEMATICS-II,2,R201201,0,0,0,0,5,22,3
20HP1A05A5,APPLIED CHEMISTRY,2,R201215,0,0,0,0,5,16,3
20HP1A05A5,COMPUTER ORGANIZATION,2,R201216,0,0,0,0,0,15,3
20HP1A05A5,DATA STRUCTURES,2,R201218,0,0,0,0,5,19,3
20HP1A05A5,PYTHON PROGRAMMING,2,R201225,0,0,0,0,5,15,3
20HP1A05A5,ENVIRONMENTAL SCIENCE,2,R201228,0,0,0,0,0,0,3
20HP1A05A5,APPLIED CHEMISTRY LABORATORY,2,R201239,0,0,0,0,7,10,1.5
20HP1A05A5,DATA STRUCTURES LABORATORY,2,R201241,0,0,0,0,9,13,1.5
20HP1A05A5,PYTHON PROGRAMMING LABORATORY,2,R201250,0,0,0,0,9,12,1.5
20HP1A05A6,MATHEMATICS-II,2,R201201,0,0,0,0,7,26,3
20HP1A05A6,APPLIED CHEMISTRY,2,R201215,0,0,0,0,0,18,3
20HP1A05A6,COMPUTER ORGANIZATION,2,R201216,0,0,0,0,0,14,3
20HP1A05A6,DATA STRUCTURES,2,R201218,0,0,0,0,5,15,3
20HP1A05A6,PYTHON PROGRAMMING,2,R201225,0,0,0,0,5,17,3
20HP1A05A6,ENVIRONMENTAL SCIENCE,2,R201228,0,0,0,0,0,0,3
20HP1A05A6,APPLIED CHEMISTRY LABORATORY,2,R201239,0,0,0,0,8,11,1.5
20HP1A05A6,DATA STRUCTURES LABORATORY,2,R201241,0,0,0,0,9,12,1.5
20HP1A05A6,PYTHON PROGRAMMING LABORATORY,2,R201250,0,0,0,0,10,13,1.5
20HP1A05A7,MATHEMATICS-II,2,R201201,0,0,0,0,7,26,3
20HP1A05A7,APPLIED CHEMISTRY,2,R201215,0,0,0,0,7,21,3
20HP1A05A7,COMPUTER ORGANIZATION,2,R201216,0,0,0,0,6,21,3
20HP1A05A7,DATA STRUCTURES,2,R201218,0,0,0,0,6,25,3
20HP1A05A7,PYTHON PROGRAMMING,2,R201225,0,0,0,0,6,21,3
20HP1A05A7,ENVIRONMENTAL SCIENCE,2,R201228,0,0,0,0,0,0,3
20HP1A05A7,APPLIED CHEMISTRY LABORATORY,2,R201239,0,0,0,0,9,12,1.5
20HP1A05A7,DATA STRUCTURES LABORATORY,2,R201241,0,0,0,0,10,15,1.5
20HP1A05A7,PYTHON PROGRAMMING LABORATORY,2,R201250,0,0,0,0,9,14,1.5
20HP1A05A8,MATHEMATICS-II,2,R201201,0,0,0,0,6,18,3
20HP1A05A8,APPLIED CHEMISTRY,2,R201215,0,0,0,0,5,15,3
20HP1A05A8,COMPUTER ORGANIZATION,2,R201216,0,0,0,0,0,14,3
20HP1A05A8,DATA STRUCTURES,2,R201218,0,0,0,0,0,16,3
20HP1A05A8,PYTHON PROGRAMMING,2,R201225,0,0,0,0,0,12,3
20HP1A05A8,ENVIRONMENTAL SCIENCE,2,R201228,0,0,0,0,0,0,3
20HP1A05A8,APPLIED CHEMISTRY LABORATORY,2,R201239,0,0,0,0,7,10,1.5
20HP1A05A8,DATA STRUCTURES LABORATORY,2,R201241,0,0,0,0,9,12,1.5
20HP1A05A8,PYTHON PROGRAMMING LABORATORY,2,R201250,0,0,0,0,8,12,1.5
20HP1A05A9,MATHEMATICS-II,2,R201201,0,0,0,0,8,25,3
20HP1A05A9,APPLIED CHEMISTRY,2,R201215,0,0,0,0,0,17,3
20HP1A05A9,COMPUTER ORGANIZATION,2,R201216,0,0,0,0,5,17,3
20HP1A05A9,DATA STRUCTURES,2,R201218,0,0,0,0,5,22,3
20HP1A05A9,PYTHON PROGRAMMING,2,R201225,0,0,0,0,5,16,3
20HP1A05A9,ENVIRONMENTAL SCIENCE,2,R201228,0,0,0,0,0,0,3
20HP1A05A9,APPLIED CHEMISTRY LABORATORY,2,R201239,0,0,0,0,8,11,1.5
20HP1A05A9,DATA STRUCTURES LABORATORY,2,R201241,0,0,0,0,9,13,1.5
20HP1A05A9,PYTHON PROGRAMMING LABORATORY,2,R201250,0,0,0,0,8,11,1.5
20HP1A05B0,MATHEMATICS-II,2,R201201,0,0,0,0,6,22,3
20HP1A05B0,APPLIED CHEMISTRY,2,R201215,0,0,0,0,5,15,3
20HP1A05B0,COMPUTER ORGANIZATION,2,R201216,0,0,0,0,0,17,3
20HP1A05B0,DATA STRUCTURES,2,R201218,0,0,0,0,0,19,3
20HP1A05B0,PYTHON PROGRAMMING,2,R201225,0,0,0,0,0,18,3
20HP1A05B0,ENVIRONMENTAL SCIENCE,2,R201228,0,0,0,0,0,0,3
20HP1A05B0,APPLIED CHEMISTRY LABORATORY,2,R201239,0,0,0,0,7,10,1.5
20HP1A05B0,DATA STRUCTURES LABORATORY,2,R201241,0,0,0,0,9,13,1.5
20HP1A05B0,PYTHON PROGRAMMING LABORATORY,2,R201250,0,0,0,0,9,12,1.5
20HP1A05B1,MATHEMATICS-II,2,R201201,0,0,0,0,8,26,3
20HP1A05B1,APPLIED CHEMISTRY,2,R201215,0,0,0,0,7,26,3
20HP1A05B1,COMPUTER ORGANIZATION,2,R201216,0,0,0,0,6,23,3
20HP1A05B1,DATA STRUCTURES,2,R201218,0,0,0,0,6,23,3
20HP1A05B1,PYTHON PROGRAMMING,2,R201225,0,0,0,0,6,23,3
20HP1A05B1,ENVIRONMENTAL SCIENCE,2,R201228,0,0,0,0,0,0,3
20HP1A05B1,APPLIED CHEMISTRY LABORATORY,2,R201239,0,0,0,0,10,14,1.5
20HP1A05B1,DATA STRUCTURES LABORATORY,2,R201241,0,0,0,0,10,13,1.5
20HP1A05B1,PYTHON PROGRAMMING LABORATORY,2,R201250,0,0,0,0,9,14,1.5
20HP1A05B2,MATHEMATICS-II,2,R201201,0,0,0,0,7,25,3
20HP1A05B2,APPLIED CHEMISTRY,2,R201215,0,0,0,0,7,21,3
20HP1A05B2,COMPUTER ORGANIZATION,2,R201216,0,0,0,0,6,22,3
20HP1A05B2,DATA STRUCTURES,2,R201218,0,0,0,0,6,25,3
20HP1A05B2,PYTHON PROGRAMMING,2,R201225,0,0,0,0,5,24,3
20HP1A05B2,ENVIRONMENTAL SCIENCE,2,R201228,0,0,0,0,0,0,3
20HP1A05B2,APPLIED CHEMISTRY LABORATORY,2,R201239,0,0,0,0,9,13,1.5
20HP1A05B2,DATA STRUCTURES LABORATORY,2,R201241,0,0,0,0,10,15,1.5
20HP1A05B2,PYTHON PROGRAMMING LABORATORY,2,R201250,0,0,0,0,10,15,1.5
20HP1A05B3,MATHEMATICS-II,2,R201201,0,0,0,0,7,25,3
20HP1A05B3,APPLIED CHEMISTRY,2,R201215,0,0,0,0,5,22,3
20HP1A05B3,COMPUTER ORGANIZATION,2,R201216,0,0,0,0,5,19,3
20HP1A05B3,DATA STRUCTURES,2,R201218,0,0,0,0,0,23,3
20HP1A05B3,PYTHON PROGRAMMING,2,R201225,0,0,0,0,5,19,3
20HP1A05B3,ENVIRONMENTAL SCIENCE,2,R201228,0,0,0,0,0,0,3
20HP1A05B3,APPLIED CHEMISTRY LABORATORY,2,R201239,0,0,0,0,10,14,1.5
20HP1A05B3,DATA STRUCTURES LABORATORY,2,R201241,0,0,0,0,10,15,1.5
20HP1A05B3,PYTHON PROGRAMMING LABORATORY,2,R201250,0,0,0,0,9,13,1.5
20HP1A05B4,MATHEMATICS-II,2,R201201,0,0,0,0,6,23,3
20HP1A05B4,APPLIED CHEMISTRY,2,R201215,0,0,0,0,5,16,3
20HP1A05B4,COMPUTER ORGANIZATION,2,R201216,0,0,0,0,5,17,3
20HP1A05B4,DATA STRUCTURES,2,R201218,0,0,0,0,6,22,3
20HP1A05B4,PYTHON PROGRAMMING,2,R201225,0,0,0,0,5,20,3
20HP1A05B4,ENVIRONMENTAL SCIENCE,2,R201228,0,0,0,0,0,0,3
20HP1A05B4,APPLIED CHEMISTRY LABORATORY,2,R201239,0,0,0,0,7,10,1.5
20HP1A05B4,DATA STRUCTURES LABORATORY,2,R201241,0,0,0,0,9,13,1.5
20HP1A05B4,PYTHON PROGRAMMING LABORATORY,2,R201250,0,0,0,0,9,12,1.5
20HP1A05B5,MATHEMATICS-II,2,R201201,0,0,0,0,5,19,3
20HP1A05B5,APPLIED CHEMISTRY,2,R201215,0,0,0,0,5,19,3
20HP1A05B5,COMPUTER ORGANIZATION,2,R201216,0,0,0,0,0,21,3
20HP1A05B5,DATA STRUCTURES,2,R201218,0,0,0,0,0,22,3
20HP1A05B5,PYTHON PROGRAMMING,2,R201225,0,0,0,0,5,16,3
20HP1A05B5,ENVIRONMENTAL SCIENCE,2,R201228,0,0,0,0,0,0,3
20HP1A05B5,APPLIED CHEMISTRY LABORATORY,2,R201239,0,0,0,0,7,10,1.5
20HP1A05B5,DATA STRUCTURES LABORATORY,2,R201241,0,0,0,0,10,14,1.5
20HP1A05B5,PYTHON PROGRAMMING LABORATORY,2,R201250,0,0,0,0,10,14,1.5
20HP1A05B6,MATHEMATICS-II,2,R201201,0,0,0,0,8,26,3
20HP1A05B6,APPLIED CHEMISTRY,2,R201215,0,0,0,0,6,19,3
20HP1A05B6,COMPUTER ORGANIZATION,2,R201216,0,0,0,0,6,22,3
20HP1A05B6,DATA STRUCTURES,2,R201218,0,0,0,0,6,24,3
20HP1A05B6,PYTHON PROGRAMMING,2,R201225,0,0,0,0,6,24,3
20HP1A05B6,ENVIRONMENTAL SCIENCE,2,R201228,0,0,0,0,0,0,3
20HP1A05B6,APPLIED CHEMISTRY LABORATORY,2,R201239,0,0,0,0,9,12,1.5
20HP1A05B6,DATA STRUCTURES LABORATORY,2,R201241,0,0,0,0,10,15,1.5
20HP1A05B6,PYTHON PROGRAMMING LABORATORY,2,R201250,0,0,0,0,10,15,1.5
20HP1A05B7,MATHEMATICS-II,2,R201201,0,0,0,0,0,27,3
20HP1A05B7,APPLIED CHEMISTRY,2,R201215,0,0,0,0,5,15,3
20HP1A05B7,COMPUTER ORGANIZATION,2,R201216,0,0,0,0,5,16,3
20HP1A05B7,DATA STRUCTURES,2,R201218,0,0,0,0,0,21,3
20HP1A05B7,PYTHON PROGRAMMING,2,R201225,0,0,0,0,0,17,3
20HP1A05B7,ENVIRONMENTAL SCIENCE,2,R201228,0,0,0,0,0,0,3
20HP1A05B7,APPLIED CHEMISTRY LABORATORY,2,R201239,0,0,0,0,8,11,1.5
20HP1A05B7,DATA STRUCTURES LABORATORY,2,R201241,0,0,0,0,10,15,1.5
20HP1A05B7,PYTHON PROGRAMMING LABORATORY,2,R201250,0,0,0,0,8,12,1.5
20HP1A05B8,MATHEMATICS-II,2,R201201,0,0,0,0,7,24,3
20HP1A05B8,APPLIED CHEMISTRY,2,R201215,0,0,0,0,7,21,3
20HP1A05B8,COMPUTER ORGANIZATION,2,R201216,0,0,0,0,6,21,3
20HP1A05B8,DATA STRUCTURES,2,R201218,0,0,0,0,6,23,3
20HP1A05B8,PYTHON PROGRAMMING,2,R201225,0,0,0,0,5,15,3
20HP1A05B8,ENVIRONMENTAL SCIENCE,2,R201228,0,0,0,0,0,0,3
20HP1A05B8,APPLIED CHEMISTRY LABORATORY,2,R201239,0,0,0,0,9,12,1.5
20HP1A05B8,DATA STRUCTURES LABORATORY,2,R201241,0,0,0,0,10,15,1.5
20HP1A05B8,PYTHON PROGRAMMING LABORATORY,2,R201250,0,0,0,0,8,12,1.5
20HP1A05B9,MATHEMATICS-II,2,R201201,0,0,0,0,7,24,3
20HP1A05B9,APPLIED CHEMISTRY,2,R201215,0,0,0,0,6,18,3
20HP1A05B9,COMPUTER ORGANIZATION,2,R201216,0,0,0,0,5,20,3
20HP1A05B9,DATA STRUCTURES,2,R201218,0,0,0,0,6,24,3
20HP1A05B9,PYTHON PROGRAMMING,2,R201225,0,0,0,0,0,18,3
20HP1A05B9,ENVIRONMENTAL SCIENCE,2,R201228,0,0,0,0,0,0,3
20HP1A05B9,APPLIED CHEMISTRY LABORATORY,2,R201239,0,0,0,0,8,11,1.5
20HP1A05B9,DATA STRUCTURES LABORATORY,2,R201241,0,0,0,0,10,15,1.5
20HP1A05B9,PYTHON PROGRAMMING LABORATORY,2,R201250,0,0,0,0,9,13,1.5
20HP1A05C0,MATHEMATICS-II,2,R201201,0,0,0,0,6,19,3
20HP1A05C0,APPLIED CHEMISTRY,2,R201215,0,0,0,0,0,17,3
20HP1A05C0,COMPUTER ORGANIZATION,2,R201216,0,0,0,0,0,12,3
20HP1A05C0,DATA STRUCTURES,2,R201218,0,0,0,0,6,21,3
20HP1A05C0,PYTHON PROGRAMMING,2,R201225,0,0,0,0,5,15,3
20HP1A05C0,ENVIRONMENTAL SCIENCE,2,R201228,0,0,0,0,0,0,3
20HP1A05C0,APPLIED CHEMISTRY LABORATORY,2,R201239,0,0,0,0,7,10,1.5
20HP1A05C0,DATA STRUCTURES LABORATORY,2,R201241,0,0,0,0,10,15,1.5
20HP1A05C0,PYTHON PROGRAMMING LABORATORY,2,R201250,0,0,0,0,9,11,1.5
20HP1A05C1,MATHEMATICS-II,2,R201201,0,0,0,0,7,28,3
20HP1A05C1,APPLIED CHEMISTRY,2,R201215,0,0,0,0,7,23,3
20HP1A05C1,COMPUTER ORGANIZATION,2,R201216,0,0,0,0,6,23,3
20HP1A05C1,DATA STRUCTURES,2,R201218,0,0,0,0,6,25,3
20HP1A05C1,PYTHON PROGRAMMING,2,R201225,0,0,0,0,6,24,3
20HP1A05C1,ENVIRONMENTAL SCIENCE,2,R201228,0,0,0,0,0,0,3
20HP1A05C1,APPLIED CHEMISTRY LABORATORY,2,R201239,0,0,0,0,10,13,1.5
20HP1A05C1,DATA STRUCTURES LABORATORY,2,R201241,0,0,0,0,10,15,1.5
20HP1A05C1,PYTHON PROGRAMMING LABORATORY,2,R201250,0,0,0,0,10,15,1.5
20HP1A05C2,MATHEMATICS-II,2,R201201,0,0,0,0,7,24,3
20HP1A05C2,APPLIED CHEMISTRY,2,R201215,0,0,0,0,6,17,3
20HP1A05C2,COMPUTER ORGANIZATION,2,R201216,0,0,0,0,0,21,3
20HP1A05C2,DATA STRUCTURES,2,R201218,0,0,0,0,6,19,3
20HP1A05C2,PYTHON PROGRAMMING,2,R201225,0,0,0,0,0,16,3
20HP1A05C2,ENVIRONMENTAL SCIENCE,2,R201228,0,0,0,0,0,0,3
20HP1A05C2,APPLIED CHEMISTRY LABORATORY,2,R201239,0,0,0,0,7,10,1.5
20HP1A05C2,DATA STRUCTURES LABORATORY,2,R201241,0,0,0,0,10,13,1.5
20HP1A05C2,PYTHON PROGRAMMING LABORATORY,2,R201250,0,0,0,0,8,12,1.5
20HP1A05C3,MATHEMATICS-II,2,R201201,0,0,0,0,6,24,3
20HP1A05C3,APPLIED CHEMISTRY,2,R201215,0,0,0,0,7,21,3
20HP1A05C3,COMPUTER ORGANIZATION,2,R201216,0,0,0,0,5,21,3
20HP1A05C3,DATA STRUCTURES,2,R201218,0,0,0,0,6,21,3
20HP1A05C3,PYTHON PROGRAMMING,2,R201225,0,0,0,0,5,19,3
20HP1A05C3,ENVIRONMENTAL SCIENCE,2,R201228,0,0,0,0,0,0,3
20HP1A05C3,APPLIED CHEMISTRY LABORATORY,2,R201239,0,0,0,0,9,12,1.5
20HP1A05C3,DATA STRUCTURES LABORATORY,2,R201241,0,0,0,0,10,13,1.5
20HP1A05C3,PYTHON PROGRAMMING LABORATORY,2,R201250,0,0,0,0,8,12,1.5
20HP1A05C4,MATHEMATICS-II,2,R201201,0,0,0,0,6,26,3
20HP1A05C4,APPLIED CHEMISTRY,2,R201215,0,0,0,0,7,18,3
20HP1A05C4,COMPUTER ORGANIZATION,2,R201216,0,0,0,0,0,19,3
20HP1A05C4,DATA STRUCTURES,2,R201218,0,0,0,0,6,20,3
20HP1A05C4,PYTHON PROGRAMMING,2,R201225,0,0,0,0,0,17,3
20HP1A05C4,ENVIRONMENTAL SCIENCE,2,R201228,0,0,0,0,0,0,3
20HP1A05C4,APPLIED CHEMISTRY LABORATORY,2,R201239,0,0,0,0,8,11,1.5
20HP1A05C4,DATA STRUCTURES LABORATORY,2,R201241,0,0,0,0,10,13,1.5
20HP1A05C4,PYTHON PROGRAMMING LABORATORY,2,R201250,0,0,0,0,8,12,1.5
20HP1A05C5,MATHEMATICS-II,2,R201201,0,0,0,0,6,27,3
20HP1A05C5,APPLIED CHEMISTRY,2,R201215,0,0,0,0,8,23,3
20HP1A05C5,COMPUTER ORGANIZATION,2,R201216,0,0,0,0,5,20,3
20HP1A05C5,DATA STRUCTURES,2,R201218,0,0,0,0,6,21,3
20HP1A05C5,PYTHON PROGRAMMING,2,R201225,0,0,0,0,5,20,3
20HP1A05C5,ENVIRONMENTAL SCIENCE,2,R201228,0,0,0,0,0,0,3
20HP1A05C5,APPLIED CHEMISTRY LABORATORY,2,R201239,0,0,0,0,10,14,1.5
20HP1A05C5,DATA STRUCTURES LABORATORY,2,R201241,0,0,0,0,8,13,1.5
20HP1A05C5,PYTHON PROGRAMMING LABORATORY,2,R201250,0,0,0,0,9,13,1.5
